
-- Migration: Modules, Labs, Quizzes Data
-- Description: Creates missing tables and provides seed data from data.ts

CREATE TABLE IF NOT EXISTS public.modules (
    id UUID PRIMARY KEY DEFAULT gen_random_uuid(),
    slug TEXT UNIQUE NOT NULL,
    title TEXT NOT NULL,
    icon TEXT NOT NULL,
    description TEXT NOT NULL,
    color TEXT NOT NULL,
    cover_image TEXT NOT NULL,
    total_hours INTEGER DEFAULT 0,
    published BOOLEAN DEFAULT false,
    order_index INTEGER DEFAULT 0,
    created_at TIMESTAMPTZ DEFAULT NOW(),
    updated_at TIMESTAMPTZ DEFAULT NOW()
);

ALTER TABLE public.modules ENABLE ROW LEVEL SECURITY;
DROP POLICY IF EXISTS "Public can view published modules" ON public.modules;
CREATE POLICY "Public can view published modules" ON public.modules FOR SELECT USING (published = true);
DROP POLICY IF EXISTS "Admins can manage modules" ON public.modules;
CREATE POLICY "Admins can manage modules" ON public.modules FOR ALL USING (auth.role() = 'service_role' OR auth.jwt() ->> 'email' LIKE '%admin%' OR auth.jwt() ->> 'email' = 'aila@gmail.com');

-- Since lectures already exists, we ensure we don't recreate it blindly.
-- However, we assume it has the right schema. If not, we might need ALTER TABLE.
-- We'll assume the schema is correct but missing the data.

CREATE TABLE IF NOT EXISTS public.labs (
    id UUID PRIMARY KEY DEFAULT gen_random_uuid(),
    module_id UUID REFERENCES public.modules(id) ON DELETE CASCADE,
    title TEXT NOT NULL,
    description TEXT,
    difficulty TEXT NOT NULL,
    duration TEXT NOT NULL,
    lab_file_url TEXT,
    published BOOLEAN DEFAULT false,
    order_index INTEGER DEFAULT 0,
    created_at TIMESTAMPTZ DEFAULT NOW(),
    updated_at TIMESTAMPTZ DEFAULT NOW()
);

CREATE INDEX IF NOT EXISTS idx_labs_module_id ON public.labs(module_id);

ALTER TABLE public.labs ENABLE ROW LEVEL SECURITY;
DROP POLICY IF EXISTS "Public can view published labs" ON public.labs;
CREATE POLICY "Public can view published labs" ON public.labs FOR SELECT USING (published = true);
DROP POLICY IF EXISTS "Admins can manage labs" ON public.labs;
CREATE POLICY "Admins can manage labs" ON public.labs FOR ALL USING (auth.role() = 'service_role' OR auth.jwt() ->> 'email' LIKE '%admin%' OR auth.jwt() ->> 'email' = 'aila@gmail.com');

CREATE TABLE IF NOT EXISTS public.quizzes (
    id UUID PRIMARY KEY DEFAULT gen_random_uuid(),
    module_id UUID REFERENCES public.modules(id) ON DELETE CASCADE,
    title TEXT NOT NULL,
    description TEXT,
    passing_score INTEGER DEFAULT 80,
    published BOOLEAN DEFAULT false,
    created_at TIMESTAMPTZ DEFAULT NOW(),
    updated_at TIMESTAMPTZ DEFAULT NOW()
);

CREATE INDEX IF NOT EXISTS idx_quizzes_module_id ON public.quizzes(module_id);

ALTER TABLE public.quizzes ENABLE ROW LEVEL SECURITY;
DROP POLICY IF EXISTS "Public can view published quizzes" ON public.quizzes;
CREATE POLICY "Public can view published quizzes" ON public.quizzes FOR SELECT USING (published = true);
DROP POLICY IF EXISTS "Admins can manage quizzes" ON public.quizzes;
CREATE POLICY "Admins can manage quizzes" ON public.quizzes FOR ALL USING (auth.role() = 'service_role' OR auth.jwt() ->> 'email' LIKE '%admin%' OR auth.jwt() ->> 'email' = 'aila@gmail.com');

CREATE TABLE IF NOT EXISTS public.quiz_questions (
    id UUID PRIMARY KEY DEFAULT gen_random_uuid(),
    quiz_id UUID REFERENCES public.quizzes(id) ON DELETE CASCADE,
    question TEXT NOT NULL,
    options TEXT[] NOT NULL,
    correct_answer TEXT NOT NULL,
    order_index INTEGER DEFAULT 0,
    created_at TIMESTAMPTZ DEFAULT NOW(),
    updated_at TIMESTAMPTZ DEFAULT NOW()
);

CREATE INDEX IF NOT EXISTS idx_quiz_questions_quiz_id ON public.quiz_questions(quiz_id);

ALTER TABLE public.quiz_questions ENABLE ROW LEVEL SECURITY;
DROP POLICY IF EXISTS "Public can view quiz questions" ON public.quiz_questions;
CREATE POLICY "Public can view quiz questions" ON public.quiz_questions FOR SELECT USING (true);
DROP POLICY IF EXISTS "Admins can manage quiz questions" ON public.quiz_questions;
CREATE POLICY "Admins can manage quiz questions" ON public.quiz_questions FOR ALL USING (auth.role() = 'service_role' OR auth.jwt() ->> 'email' LIKE '%admin%' OR auth.jwt() ->> 'email' = 'aila@gmail.com');


-- Seed Data
INSERT INTO public.modules (id, slug, title, icon, description, color, cover_image, total_hours, published, order_index) VALUES ('5b8a1de7-f1cb-47fe-a0ed-92474fb1644d', 'git', 'Git & Version Control', 'GitBranch', 'Master version control with Git: branching strategies, workflows, rebasing, and collaboration best practices used in real DevOps teams.', '#f05032', 'https://images.unsplash.com/photo-1618401471353-b98afee0b2eb?w=600&q=80', 6, true, 1) ON CONFLICT (slug) DO NOTHING;
INSERT INTO public.lectures (id, module_id, title, description, content, duration, type, published, order_index) VALUES ('c4f49657-90df-4937-9760-4003f3772711', (SELECT id FROM public.modules WHERE slug = 'git'), 'Introduction to Version Control', 'Why version control matters, history of Git, and core concepts.', NULL, '22 min', 'reading', true, 1);
INSERT INTO public.lectures (id, module_id, title, description, content, duration, type, published, order_index) VALUES ('1cdcc501-8c71-4767-8a98-d3b472ac83be', (SELECT id FROM public.modules WHERE slug = 'git'), 'Git Internals: Objects & Refs', 'Blobs, trees, commits, and how Git stores data under the hood.', NULL, '35 min', 'reading', true, 2);
INSERT INTO public.lectures (id, module_id, title, description, content, duration, type, published, order_index) VALUES ('971440c4-0d6b-4969-9a81-47d9125b2311', (SELECT id FROM public.modules WHERE slug = 'git'), 'Branching Strategies', 'GitFlow, trunk-based development, and feature branching workflows.', NULL, '28 min', 'reading', true, 3);
INSERT INTO public.lectures (id, module_id, title, description, content, duration, type, published, order_index) VALUES ('77f05b6d-8ef1-4cc9-ab31-f33d7dcd2509', (SELECT id FROM public.modules WHERE slug = 'git'), 'Rebasing vs Merging', 'When to rebase, when to merge, and how to keep a clean history.', NULL, '20 min', 'reading', true, 4);
INSERT INTO public.lectures (id, module_id, title, description, content, duration, type, published, order_index) VALUES ('427fe826-b3fd-4aee-81d2-fa02e95e9e56', (SELECT id FROM public.modules WHERE slug = 'git'), 'Advanced Git Commands', 'Cherry-pick, bisect, stash, reflog, and other power-user tools.', NULL, '30 min', 'reading', true, 5);
INSERT INTO public.lectures (id, module_id, title, description, content, duration, type, published, order_index) VALUES ('94103db2-00cf-42cd-b37d-bfc8d5ff500f', (SELECT id FROM public.modules WHERE slug = 'git'), 'GitHub Pull Request Workflow', 'Code reviews, PR templates, and CI/CD integration with GitHub.', NULL, '25 min', 'reading', true, 6);
INSERT INTO public.lectures (id, module_id, title, description, content, duration, type, published, order_index) VALUES ('395d6b62-7960-4766-a738-2538f07ee7a5', (SELECT id FROM public.modules WHERE slug = 'git'), 'Git Hooks & Automation', 'Pre-commit, post-commit, and server-side hooks for automation.', NULL, '18 min', 'reading', true, 7);
INSERT INTO public.lectures (id, module_id, title, description, content, duration, type, published, order_index) VALUES ('b311e84c-5d1c-4a71-abc6-e4ea0b42bbe6', (SELECT id FROM public.modules WHERE slug = 'git'), 'Monorepos with Git', 'Managing large codebases, sparse checkout, and partial clones.', NULL, '22 min', 'reading', true, 8);
INSERT INTO public.labs (id, module_id, title, description, difficulty, duration, published, order_index) VALUES ('e2eaa401-d86a-4749-92f1-f832e4b83bc8', (SELECT id FROM public.modules WHERE slug = 'git'), 'Setting Up a Team Repository', 'Create a repo with branch protection, PR templates, and CODEOWNERS.', 'beginner', '45 min', true, 1);
INSERT INTO public.labs (id, module_id, title, description, difficulty, duration, published, order_index) VALUES ('5ca3adee-f95f-48ff-9019-c1c702ae3e5d', (SELECT id FROM public.modules WHERE slug = 'git'), 'Resolving Complex Merge Conflicts', 'Practice resolving conflicts in a simulated team environment.', 'intermediate', '60 min', true, 2);
INSERT INTO public.labs (id, module_id, title, description, difficulty, duration, published, order_index) VALUES ('423d3c68-9167-4f87-8462-8b55480110e3', (SELECT id FROM public.modules WHERE slug = 'git'), 'Interactive Rebase & History Cleanup', 'Squash commits, reorder history, and recover from mistakes.', 'intermediate', '45 min', true, 3);
INSERT INTO public.labs (id, module_id, title, description, difficulty, duration, published, order_index) VALUES ('7da926ff-8865-4c09-bf21-0c9366be8338', (SELECT id FROM public.modules WHERE slug = 'git'), 'Git Bisect Bug Hunt', 'Use git bisect to find the commit that introduced a regression.', 'advanced', '30 min', true, 4);
INSERT INTO public.modules (id, slug, title, icon, description, color, cover_image, total_hours, published, order_index) VALUES ('300b457e-7980-4089-9247-d216067a87e4', 'linux', 'Linux Fundamentals', 'Terminal', 'Deep dive into Linux administration: filesystem hierarchy, process management, networking, shell scripting, and system security hardening.', '#e95420', 'https://images.unsplash.com/photo-1629654297299-c8506221ca97?w=600&q=80', 9, true, 2) ON CONFLICT (slug) DO NOTHING;
INSERT INTO public.lectures (id, module_id, title, description, content, duration, type, published, order_index) VALUES ('97cdc87f-54f8-4b9a-b7d2-8d4e8aefdf79', (SELECT id FROM public.modules WHERE slug = 'linux'), 'Linux Filesystem Hierarchy', 'Understanding /etc, /var, /usr, /opt and the FHS standard.', NULL, '25 min', 'reading', true, 1);
INSERT INTO public.lectures (id, module_id, title, description, content, duration, type, published, order_index) VALUES ('a665d7f5-90b2-4bb1-9642-f7a45fe26a48', (SELECT id FROM public.modules WHERE slug = 'linux'), 'Process Management', 'ps, top, htop, kill, nice, and process priorities.', NULL, '30 min', 'reading', true, 2);
INSERT INTO public.lectures (id, module_id, title, description, content, duration, type, published, order_index) VALUES ('1cd51c3d-4283-4dac-b33f-5eaf4c6e1f1f', (SELECT id FROM public.modules WHERE slug = 'linux'), 'User & Permission Management', 'Users, groups, chmod, chown, ACLs, and sudo configuration.', NULL, '28 min', 'reading', true, 3);
INSERT INTO public.lectures (id, module_id, title, description, content, duration, type, published, order_index) VALUES ('d8876fae-c8ae-4988-8005-7ef7b7caff51', (SELECT id FROM public.modules WHERE slug = 'linux'), 'Networking Fundamentals', 'ip, ss, netstat, firewalld, iptables, and network troubleshooting.', NULL, '35 min', 'reading', true, 4);
INSERT INTO public.lectures (id, module_id, title, description, content, duration, type, published, order_index) VALUES ('ea7511c4-68f5-4f90-91a3-e98e55bf4773', (SELECT id FROM public.modules WHERE slug = 'linux'), 'Package Management', 'apt, yum/dnf, rpm, snap, and managing software repositories.', NULL, '20 min', 'reading', true, 5);
INSERT INTO public.lectures (id, module_id, title, description, content, duration, type, published, order_index) VALUES ('e758d7d9-74eb-4522-ae52-57cace79d1ff', (SELECT id FROM public.modules WHERE slug = 'linux'), 'Systemd & Services', 'systemctl, journald, service units, and boot process.', NULL, '32 min', 'reading', true, 6);
INSERT INTO public.lectures (id, module_id, title, description, content, duration, type, published, order_index) VALUES ('ed93f998-4ad0-4f71-8480-a7b1ec30f335', (SELECT id FROM public.modules WHERE slug = 'linux'), 'Bash Scripting Essentials', 'Variables, loops, functions, error handling, and best practices.', NULL, '40 min', 'reading', true, 7);
INSERT INTO public.lectures (id, module_id, title, description, content, duration, type, published, order_index) VALUES ('43e12899-ba97-43d0-9ea6-5937a690c17f', (SELECT id FROM public.modules WHERE slug = 'linux'), 'Log Management', 'syslog, logrotate, journalctl, and centralized logging.', NULL, '22 min', 'reading', true, 8);
INSERT INTO public.lectures (id, module_id, title, description, content, duration, type, published, order_index) VALUES ('4512c469-654c-4e65-a2cd-682904662c8c', (SELECT id FROM public.modules WHERE slug = 'linux'), 'Performance Tuning', 'vmstat, iostat, sar, and system performance analysis.', NULL, '28 min', 'reading', true, 9);
INSERT INTO public.lectures (id, module_id, title, description, content, duration, type, published, order_index) VALUES ('4bc5e4e7-6e0c-4050-8a40-42a135ee94af', (SELECT id FROM public.modules WHERE slug = 'linux'), 'Security Hardening', 'SSH hardening, SELinux/AppArmor, CIS benchmarks.', NULL, '35 min', 'reading', true, 10);
INSERT INTO public.labs (id, module_id, title, description, difficulty, duration, published, order_index) VALUES ('a39aefa3-3dcb-473f-a301-cf2bcb1a412f', (SELECT id FROM public.modules WHERE slug = 'linux'), 'Linux Environment Setup', 'Configure a fresh Ubuntu server with users, SSH keys, and firewall.', 'beginner', '30 min', true, 1);
INSERT INTO public.labs (id, module_id, title, description, difficulty, duration, published, order_index) VALUES ('bb4ab0e4-c3a7-4485-b1e4-17b58057815f', (SELECT id FROM public.modules WHERE slug = 'linux'), 'Shell Scripting: Backup System', 'Write a full backup script with logging, rotation, and error handling.', 'intermediate', '90 min', true, 2);
INSERT INTO public.labs (id, module_id, title, description, difficulty, duration, published, order_index) VALUES ('d38c0ec9-5f05-4cc9-82ee-b2bd4abd3017', (SELECT id FROM public.modules WHERE slug = 'linux'), 'Service Monitoring with Systemd', 'Create custom systemd services and timers for automated tasks.', 'intermediate', '60 min', true, 3);
INSERT INTO public.labs (id, module_id, title, description, difficulty, duration, published, order_index) VALUES ('0b78a830-2bf3-48ac-97ff-c8c24f46fa65', (SELECT id FROM public.modules WHERE slug = 'linux'), 'Network Troubleshooting Scenario', 'Diagnose and fix networking issues in a broken server environment.', 'intermediate', '45 min', true, 4);
INSERT INTO public.labs (id, module_id, title, description, difficulty, duration, published, order_index) VALUES ('f7f2479b-b9cd-472c-a77f-79fa9d915a03', (SELECT id FROM public.modules WHERE slug = 'linux'), 'Security Hardening Audit', 'Apply CIS Level 1 benchmarks and run Lynis security audit.', 'advanced', '120 min', true, 5);
INSERT INTO public.modules (id, slug, title, icon, description, color, cover_image, total_hours, published, order_index) VALUES ('6b7a955a-a256-49da-876f-9af6318a68f0', 'networking', 'Networking', 'Network', 'Understand networking from the ground up: OSI model, TCP/IP, DNS, HTTP/S, load balancing, VPNs, and cloud networking concepts.', '#0078d4', 'https://images.unsplash.com/photo-1558494949-ef010cbdcc31?w=600&q=80', 8, true, 3) ON CONFLICT (slug) DO NOTHING;
INSERT INTO public.lectures (id, module_id, title, description, content, duration, type, published, order_index) VALUES ('5dbdfcd4-b6e1-4028-8155-c3c5b8b64992', (SELECT id FROM public.modules WHERE slug = 'networking'), 'OSI & TCP/IP Models', 'Layers, encapsulation, and how data travels across networks.', NULL, '30 min', 'reading', true, 1);
INSERT INTO public.lectures (id, module_id, title, description, content, duration, type, published, order_index) VALUES ('92d1e77e-8330-4461-b178-8df902a419ce', (SELECT id FROM public.modules WHERE slug = 'networking'), 'IP Addressing & Subnetting', 'IPv4, IPv6, CIDR notation, and subnet calculations.', NULL, '35 min', 'reading', true, 2);
INSERT INTO public.lectures (id, module_id, title, description, content, duration, type, published, order_index) VALUES ('c8eee1d0-633f-4fda-8d3d-50c009c3b639', (SELECT id FROM public.modules WHERE slug = 'networking'), 'DNS Deep Dive', 'Resolution process, record types, DNS security, and troubleshooting.', NULL, '28 min', 'reading', true, 3);
INSERT INTO public.lectures (id, module_id, title, description, content, duration, type, published, order_index) VALUES ('7ef3e24d-b50c-4bdc-b670-7065aacb27cf', (SELECT id FROM public.modules WHERE slug = 'networking'), 'HTTP/HTTPS & TLS', 'HTTP methods, headers, status codes, TLS handshake, and certificates.', NULL, '32 min', 'reading', true, 4);
INSERT INTO public.lectures (id, module_id, title, description, content, duration, type, published, order_index) VALUES ('4cfbdd35-7b77-4f2d-84e2-cfef009c2644', (SELECT id FROM public.modules WHERE slug = 'networking'), 'Load Balancing Strategies', 'Round robin, least connections, health checks, and sticky sessions.', NULL, '25 min', 'reading', true, 5);
INSERT INTO public.lectures (id, module_id, title, description, content, duration, type, published, order_index) VALUES ('4bcc7142-8f81-40b0-9b75-e9b451a6062f', (SELECT id FROM public.modules WHERE slug = 'networking'), 'Firewalls & Network Security', 'Stateful firewalls, WAF, DDoS protection, and network segmentation.', NULL, '30 min', 'reading', true, 6);
INSERT INTO public.lectures (id, module_id, title, description, content, duration, type, published, order_index) VALUES ('7d521a14-14bd-4366-ad59-c6a5fad9f1d4', (SELECT id FROM public.modules WHERE slug = 'networking'), 'VPNs & Tunneling', 'IPSec, WireGuard, OpenVPN, and site-to-site connectivity.', NULL, '22 min', 'reading', true, 7);
INSERT INTO public.lectures (id, module_id, title, description, content, duration, type, published, order_index) VALUES ('cfeabe82-ad5a-4556-b613-7a6949b9e00b', (SELECT id FROM public.modules WHERE slug = 'networking'), 'Service Mesh & mTLS', 'Istio, Envoy, mutual TLS, and East-West traffic in Kubernetes.', NULL, '28 min', 'reading', true, 8);
INSERT INTO public.lectures (id, module_id, title, description, content, duration, type, published, order_index) VALUES ('01ff3285-12d1-4738-98f6-e6eb17769473', (SELECT id FROM public.modules WHERE slug = 'networking'), 'CDN & Edge Computing', 'Content delivery, caching strategies, and edge functions.', NULL, '20 min', 'reading', true, 9);
INSERT INTO public.labs (id, module_id, title, description, difficulty, duration, published, order_index) VALUES ('d92fa852-d0f4-4325-b71d-aecee2f72ef6', (SELECT id FROM public.modules WHERE slug = 'networking'), 'Subnet Design Workshop', 'Design an IP addressing scheme for a multi-tier application.', 'beginner', '45 min', true, 1);
INSERT INTO public.labs (id, module_id, title, description, difficulty, duration, published, order_index) VALUES ('ee78d6a9-ba1a-42c5-89f3-0bbc94480265', (SELECT id FROM public.modules WHERE slug = 'networking'), 'DNS Server Setup', 'Configure BIND DNS with zones, records, and DNSSEC.', 'intermediate', '60 min', true, 2);
INSERT INTO public.labs (id, module_id, title, description, difficulty, duration, published, order_index) VALUES ('6f947d80-f1f6-40e8-9804-339fa123e1c8', (SELECT id FROM public.modules WHERE slug = 'networking'), 'nginx Load Balancer', 'Set up nginx as a reverse proxy with health checks and SSL termination.', 'intermediate', '75 min', true, 3);
INSERT INTO public.labs (id, module_id, title, description, difficulty, duration, published, order_index) VALUES ('dffc9751-620b-4de2-a2d5-7e07a858b5f5', (SELECT id FROM public.modules WHERE slug = 'networking'), 'WireGuard VPN Setup', 'Deploy a peer-to-peer WireGuard VPN between cloud servers.', 'advanced', '90 min', true, 4);
INSERT INTO public.modules (id, slug, title, icon, description, color, cover_image, total_hours, published, order_index) VALUES ('b38516b6-456a-466d-9a99-8c2910bbdc26', 'docker', 'Docker & Containers', 'Box', 'Containerize applications with Docker: image building, multi-stage builds, Docker Compose, networking, volumes, and container security.', '#2496ed', 'https://images.unsplash.com/photo-1605745341112-85968b19335b?w=600&q=80', 10, true, 4) ON CONFLICT (slug) DO NOTHING;
INSERT INTO public.lectures (id, module_id, title, description, content, duration, type, published, order_index) VALUES ('4772ba96-f17a-4ca7-afef-8ee2d9beb59d', (SELECT id FROM public.modules WHERE slug = 'docker'), 'Container Fundamentals', 'Namespaces, cgroups, and how containers differ from VMs.', NULL, '25 min', 'reading', true, 1);
INSERT INTO public.lectures (id, module_id, title, description, content, duration, type, published, order_index) VALUES ('58116260-399f-4b0e-9441-812e75e05a9b', (SELECT id FROM public.modules WHERE slug = 'docker'), 'Dockerfile Best Practices', 'Layer caching, multi-stage builds, and minimal base images.', NULL, '35 min', 'reading', true, 2);
INSERT INTO public.lectures (id, module_id, title, description, content, duration, type, published, order_index) VALUES ('c02780d1-55e3-4e18-8853-5832c00a3ac6', (SELECT id FROM public.modules WHERE slug = 'docker'), 'Docker Networking', 'Bridge, host, overlay networks, and service discovery.', NULL, '28 min', 'reading', true, 3);
INSERT INTO public.lectures (id, module_id, title, description, content, duration, type, published, order_index) VALUES ('92b131e7-44ff-4513-ac00-f5bcc3333a55', (SELECT id FROM public.modules WHERE slug = 'docker'), 'Volumes & Persistent Storage', 'Named volumes, bind mounts, and storage drivers.', NULL, '22 min', 'reading', true, 4);
INSERT INTO public.lectures (id, module_id, title, description, content, duration, type, published, order_index) VALUES ('55299bf8-c96c-4428-b606-591f933940d1', (SELECT id FROM public.modules WHERE slug = 'docker'), 'Docker Compose', 'Multi-container applications, dependencies, and profiles.', NULL, '30 min', 'reading', true, 5);
INSERT INTO public.lectures (id, module_id, title, description, content, duration, type, published, order_index) VALUES ('83a8c3d3-daef-414f-bb80-1393135b6944', (SELECT id FROM public.modules WHERE slug = 'docker'), 'Container Security', 'Non-root users, read-only filesystems, secrets, and image scanning.', NULL, '35 min', 'reading', true, 6);
INSERT INTO public.lectures (id, module_id, title, description, content, duration, type, published, order_index) VALUES ('c910dd8d-bb46-440a-b080-45092d4b68a1', (SELECT id FROM public.modules WHERE slug = 'docker'), 'Registry & Image Management', 'Docker Hub, private registries, image tagging, and versioning.', NULL, '20 min', 'reading', true, 7);
INSERT INTO public.lectures (id, module_id, title, description, content, duration, type, published, order_index) VALUES ('646fe03a-5646-4e72-a0b2-9239092e5b85', (SELECT id FROM public.modules WHERE slug = 'docker'), 'Logging & Monitoring Containers', 'Log drivers, fluentd integration, and container metrics.', NULL, '25 min', 'reading', true, 8);
INSERT INTO public.lectures (id, module_id, title, description, content, duration, type, published, order_index) VALUES ('4f513ba3-abdd-4061-a82c-ee9d8f28959b', (SELECT id FROM public.modules WHERE slug = 'docker'), 'Docker Swarm Basics', 'Services, stacks, replicas, and rolling updates.', NULL, '28 min', 'reading', true, 9);
INSERT INTO public.lectures (id, module_id, title, description, content, duration, type, published, order_index) VALUES ('5352c5ea-3e42-44a8-9f5c-54f2c3e2262d', (SELECT id FROM public.modules WHERE slug = 'docker'), 'BuildKit & Advanced Builds', 'BuildKit cache mounts, secret mounts, and build contexts.', NULL, '22 min', 'reading', true, 10);
INSERT INTO public.labs (id, module_id, title, description, difficulty, duration, published, order_index) VALUES ('8e4dc05b-6706-4940-8184-900c29e11929', (SELECT id FROM public.modules WHERE slug = 'docker'), 'Containerize a Node.js App', 'Write an optimized Dockerfile and run the app in a container.', 'beginner', '45 min', true, 1);
INSERT INTO public.labs (id, module_id, title, description, difficulty, duration, published, order_index) VALUES ('71ee795e-746e-4beb-94f2-90431c173fb1', (SELECT id FROM public.modules WHERE slug = 'docker'), 'Multi-Container App with Compose', 'Deploy a full-stack app (app + DB + cache) with Docker Compose.', 'intermediate', '75 min', true, 2);
INSERT INTO public.labs (id, module_id, title, description, difficulty, duration, published, order_index) VALUES ('4bd93f3d-0bcd-4bbf-b4c9-0a8d2748ae4b', (SELECT id FROM public.modules WHERE slug = 'docker'), 'Docker Networking Lab', 'Create custom networks and connect containers with service discovery.', 'intermediate', '60 min', true, 3);
INSERT INTO public.labs (id, module_id, title, description, difficulty, duration, published, order_index) VALUES ('5d705485-07df-45bb-be27-03e9b0766811', (SELECT id FROM public.modules WHERE slug = 'docker'), 'Container Security Hardening', 'Scan images with Trivy, apply seccomp profiles, and non-root users.', 'advanced', '90 min', true, 4);
INSERT INTO public.labs (id, module_id, title, description, difficulty, duration, published, order_index) VALUES ('eaaa389d-0cfe-46f4-888a-1e300f453a91', (SELECT id FROM public.modules WHERE slug = 'docker'), 'Private Docker Registry', 'Deploy Harbor registry with authentication and image scanning.', 'advanced', '60 min', true, 5);
INSERT INTO public.modules (id, slug, title, icon, description, color, cover_image, total_hours, published, order_index) VALUES ('32acd3cf-c84b-45ed-8707-042e7c08807c', 'kubernetes', 'Kubernetes', 'Layers', 'Orchestrate containers at scale: deployments, services, ingress, RBAC, Helm charts, operators, and production-grade cluster management.', '#326ce5', 'https://images.unsplash.com/photo-1667372393119-3d4c48d07fc9?w=600&q=80', 16, true, 5) ON CONFLICT (slug) DO NOTHING;
INSERT INTO public.lectures (id, module_id, title, description, content, duration, type, published, order_index) VALUES ('9ef19152-b737-458f-9c6b-3fa1cf70d3ca', (SELECT id FROM public.modules WHERE slug = 'kubernetes'), 'Kubernetes Architecture', 'Control plane, nodes, etcd, API server, scheduler, and kubelet.', NULL, '35 min', 'reading', true, 1);
INSERT INTO public.lectures (id, module_id, title, description, content, duration, type, published, order_index) VALUES ('1b677af3-8772-4a75-a84f-a8532ffdf66e', (SELECT id FROM public.modules WHERE slug = 'kubernetes'), 'Pods & Workloads', 'Pods, Deployments, StatefulSets, DaemonSets, and Jobs.', NULL, '30 min', 'reading', true, 2);
INSERT INTO public.lectures (id, module_id, title, description, content, duration, type, published, order_index) VALUES ('fb1c142b-75e0-40b5-b340-a62adff8f8e0', (SELECT id FROM public.modules WHERE slug = 'kubernetes'), 'Services & Networking', 'ClusterIP, NodePort, LoadBalancer, Ingress, and NetworkPolicies.', NULL, '32 min', 'reading', true, 3);
INSERT INTO public.lectures (id, module_id, title, description, content, duration, type, published, order_index) VALUES ('e9030414-498c-4dc6-a154-2dae8aed3f16', (SELECT id FROM public.modules WHERE slug = 'kubernetes'), 'Configuration & Secrets', 'ConfigMaps, Secrets, environment variables, and volume mounts.', NULL, '25 min', 'reading', true, 4);
INSERT INTO public.lectures (id, module_id, title, description, content, duration, type, published, order_index) VALUES ('7b58f8ca-c071-4be7-86e2-28a811faeaed', (SELECT id FROM public.modules WHERE slug = 'kubernetes'), 'Persistent Storage', 'PV, PVC, StorageClasses, and CSI drivers.', NULL, '28 min', 'reading', true, 5);
INSERT INTO public.lectures (id, module_id, title, description, content, duration, type, published, order_index) VALUES ('f173477b-48ae-4b05-8156-ef1ba2eca2e4', (SELECT id FROM public.modules WHERE slug = 'kubernetes'), 'RBAC & Security', 'Roles, ClusterRoles, ServiceAccounts, PodSecurityStandards.', NULL, '35 min', 'reading', true, 6);
INSERT INTO public.lectures (id, module_id, title, description, content, duration, type, published, order_index) VALUES ('de4d187f-0ce3-4ad6-8d3f-28886944b5e9', (SELECT id FROM public.modules WHERE slug = 'kubernetes'), 'Resource Management', 'Requests, limits, LimitRanges, ResourceQuotas, and VPA/HPA.', NULL, '22 min', 'reading', true, 7);
INSERT INTO public.lectures (id, module_id, title, description, content, duration, type, published, order_index) VALUES ('b824c592-561f-4a45-9798-5d25ba52955a', (SELECT id FROM public.modules WHERE slug = 'kubernetes'), 'Helm Package Manager', 'Charts, values, templating, and managing releases.', NULL, '30 min', 'reading', true, 8);
INSERT INTO public.lectures (id, module_id, title, description, content, duration, type, published, order_index) VALUES ('f814c39f-8ef8-49e0-be6e-94b77f0e6a40', (SELECT id FROM public.modules WHERE slug = 'kubernetes'), 'Ingress Controllers', 'nginx Ingress, TLS termination, path routing, and annotations.', NULL, '28 min', 'reading', true, 9);
INSERT INTO public.lectures (id, module_id, title, description, content, duration, type, published, order_index) VALUES ('2ae5abb5-7410-42d9-b09e-17e4145d701a', (SELECT id FROM public.modules WHERE slug = 'kubernetes'), 'Rolling Updates & Rollbacks', 'Deployment strategies, canary, blue/green, and rollbacks.', NULL, '20 min', 'reading', true, 10);
INSERT INTO public.lectures (id, module_id, title, description, content, duration, type, published, order_index) VALUES ('d932240c-058a-4cb6-a7bd-c3554281215c', (SELECT id FROM public.modules WHERE slug = 'kubernetes'), 'Cluster Autoscaling', 'HPA, VPA, KEDA, and Cluster Autoscaler.', NULL, '25 min', 'reading', true, 11);
INSERT INTO public.lectures (id, module_id, title, description, content, duration, type, published, order_index) VALUES ('b77c596d-9d9f-4b97-9c10-89a40f6af636', (SELECT id FROM public.modules WHERE slug = 'kubernetes'), 'Operators & CRDs', 'Custom resources, controller pattern, and popular operators.', NULL, '32 min', 'reading', true, 12);
INSERT INTO public.lectures (id, module_id, title, description, content, duration, type, published, order_index) VALUES ('60984e51-391b-4ca4-b016-6d4947189031', (SELECT id FROM public.modules WHERE slug = 'kubernetes'), 'GitOps with ArgoCD', 'ArgoCD setup, application sync, and GitOps workflows.', NULL, '35 min', 'reading', true, 13);
INSERT INTO public.lectures (id, module_id, title, description, content, duration, type, published, order_index) VALUES ('ce0dc00e-dd85-42d4-8da5-b79d53dbd1f8', (SELECT id FROM public.modules WHERE slug = 'kubernetes'), 'Cluster Hardening', 'CIS benchmarks, OPA Gatekeeper, and admission controllers.', NULL, '30 min', 'reading', true, 14);
INSERT INTO public.labs (id, module_id, title, description, difficulty, duration, published, order_index) VALUES ('3eb9ee4c-53d5-49c4-b259-2cd92f54ca49', (SELECT id FROM public.modules WHERE slug = 'kubernetes'), 'Deploy Your First App', 'Deploy a containerized app with a Deployment and expose it via Service.', 'beginner', '45 min', true, 1);
INSERT INTO public.labs (id, module_id, title, description, difficulty, duration, published, order_index) VALUES ('b9b95214-bb10-4ecf-b1ac-cc5013055198', (SELECT id FROM public.modules WHERE slug = 'kubernetes'), 'Helm Chart Development', 'Create a Helm chart for a multi-tier application.', 'intermediate', '90 min', true, 2);
INSERT INTO public.labs (id, module_id, title, description, difficulty, duration, published, order_index) VALUES ('256dc1c5-b55e-4ec5-b313-2e9293dcf48c', (SELECT id FROM public.modules WHERE slug = 'kubernetes'), 'Ingress & TLS Setup', 'Configure nginx Ingress with cert-manager for automated TLS.', 'intermediate', '75 min', true, 3);
INSERT INTO public.labs (id, module_id, title, description, difficulty, duration, published, order_index) VALUES ('c43b2808-ec8d-4894-ac58-c396f23f5d3e', (SELECT id FROM public.modules WHERE slug = 'kubernetes'), 'RBAC Configuration', 'Set up fine-grained RBAC for a dev/ops team separation.', 'intermediate', '60 min', true, 4);
INSERT INTO public.labs (id, module_id, title, description, difficulty, duration, published, order_index) VALUES ('6ba5edf7-9c8d-46bb-b464-04e42d697b8c', (SELECT id FROM public.modules WHERE slug = 'kubernetes'), 'Horizontal Pod Autoscaling', 'Configure HPA with custom metrics and load test it.', 'intermediate', '60 min', true, 5);
INSERT INTO public.labs (id, module_id, title, description, difficulty, duration, published, order_index) VALUES ('36171983-de18-42a8-af6d-9df94b3af262', (SELECT id FROM public.modules WHERE slug = 'kubernetes'), 'Stateful Application: PostgreSQL', 'Deploy PostgreSQL with StatefulSets, PVCs, and backup strategy.', 'advanced', '120 min', true, 6);
INSERT INTO public.labs (id, module_id, title, description, difficulty, duration, published, order_index) VALUES ('da8444dd-532f-4627-8a59-3baef1ff40a8', (SELECT id FROM public.modules WHERE slug = 'kubernetes'), 'GitOps with ArgoCD', 'Set up a full GitOps pipeline with ArgoCD and automated sync.', 'advanced', '120 min', true, 7);
INSERT INTO public.modules (id, slug, title, icon, description, color, cover_image, total_hours, published, order_index) VALUES ('3dfcafd3-3a66-49e6-be84-11007b5cba84', 'cicd', 'CI/CD Pipelines', 'GitMerge', 'Build robust CI/CD pipelines with GitHub Actions, GitLab CI, and Jenkins. From code commit to production deployment with zero downtime.', '#24292e', 'https://images.unsplash.com/photo-1555949963-ff9fe0c870eb?w=600&q=80', 9, true, 6) ON CONFLICT (slug) DO NOTHING;
INSERT INTO public.lectures (id, module_id, title, description, content, duration, type, published, order_index) VALUES ('b516ece8-2bfd-49c2-b19c-f2b722e401d5', (SELECT id FROM public.modules WHERE slug = 'cicd'), 'CI/CD Principles & Pipelines', 'Continuous integration, delivery, deployment — and why they matter.', NULL, '25 min', 'reading', true, 1);
INSERT INTO public.lectures (id, module_id, title, description, content, duration, type, published, order_index) VALUES ('c0ac5c37-9780-43de-be4e-7492564a8d4e', (SELECT id FROM public.modules WHERE slug = 'cicd'), 'GitHub Actions Deep Dive', 'Workflows, jobs, steps, runners, secrets, and reusable workflows.', NULL, '40 min', 'reading', true, 2);
INSERT INTO public.lectures (id, module_id, title, description, content, duration, type, published, order_index) VALUES ('bd73bbeb-1f91-4a80-ac04-6a327edd0dd8', (SELECT id FROM public.modules WHERE slug = 'cicd'), 'GitLab CI/CD', 'Stages, jobs, artifacts, caches, and GitLab-specific features.', NULL, '35 min', 'reading', true, 3);
INSERT INTO public.lectures (id, module_id, title, description, content, duration, type, published, order_index) VALUES ('28eb04b6-3d80-4406-b4ee-e775f9053120', (SELECT id FROM public.modules WHERE slug = 'cicd'), 'Jenkins Pipelines', 'Declarative vs scripted pipelines, shared libraries, and plugins.', NULL, '32 min', 'reading', true, 4);
INSERT INTO public.lectures (id, module_id, title, description, content, duration, type, published, order_index) VALUES ('a56d0105-1ff3-4e19-a11a-4009a8c4c32e', (SELECT id FROM public.modules WHERE slug = 'cicd'), 'Testing in CI', 'Unit, integration, E2E testing, coverage gates, and parallelization.', NULL, '28 min', 'reading', true, 5);
INSERT INTO public.lectures (id, module_id, title, description, content, duration, type, published, order_index) VALUES ('34edd317-a0e8-4cd8-8938-178fef720f31', (SELECT id FROM public.modules WHERE slug = 'cicd'), 'Docker Build in CI', 'Building, scanning, and pushing images in CI pipelines.', NULL, '22 min', 'reading', true, 6);
INSERT INTO public.lectures (id, module_id, title, description, content, duration, type, published, order_index) VALUES ('b3a39346-a6a4-4d03-bbf3-8a60ca867593', (SELECT id FROM public.modules WHERE slug = 'cicd'), 'Deployment Strategies', 'Blue/green, canary, rolling, and feature flags in CD.', NULL, '30 min', 'reading', true, 7);
INSERT INTO public.lectures (id, module_id, title, description, content, duration, type, published, order_index) VALUES ('ef32eb92-b71f-4978-8f20-9abe61d1204c', (SELECT id FROM public.modules WHERE slug = 'cicd'), 'Security in CI/CD (DevSecOps)', 'SAST, DAST, SCA, secret scanning, and shift-left security.', NULL, '28 min', 'reading', true, 8);
INSERT INTO public.lectures (id, module_id, title, description, content, duration, type, published, order_index) VALUES ('b858efd3-d561-454e-bec4-14784f6f3c00', (SELECT id FROM public.modules WHERE slug = 'cicd'), 'Pipeline Observability', 'Metrics, notifications, DORA metrics, and pipeline analytics.', NULL, '20 min', 'reading', true, 9);
INSERT INTO public.labs (id, module_id, title, description, difficulty, duration, published, order_index) VALUES ('85eab69b-10bd-4dce-8505-05ee06af0bec', (SELECT id FROM public.modules WHERE slug = 'cicd'), 'GitHub Actions: Build & Test', 'Create a workflow that tests, builds, and pushes a Docker image.', 'beginner', '60 min', true, 1);
INSERT INTO public.labs (id, module_id, title, description, difficulty, duration, published, order_index) VALUES ('e51b1410-4d2a-4062-bc54-a2b533166e08', (SELECT id FROM public.modules WHERE slug = 'cicd'), 'Full CD Pipeline to Kubernetes', 'Complete pipeline from commit to Kubernetes deployment with rollback.', 'intermediate', '120 min', true, 2);
INSERT INTO public.labs (id, module_id, title, description, difficulty, duration, published, order_index) VALUES ('c589f45f-e9e9-4407-94dd-a7f3f6f07e71', (SELECT id FROM public.modules WHERE slug = 'cicd'), 'DevSecOps Pipeline', 'Add Trivy, Snyk, and OWASP ZAP to a GitHub Actions pipeline.', 'intermediate', '90 min', true, 3);
INSERT INTO public.labs (id, module_id, title, description, difficulty, duration, published, order_index) VALUES ('5fafed4c-def4-40bd-a0f0-0a458ba741df', (SELECT id FROM public.modules WHERE slug = 'cicd'), 'Self-Hosted Runners Setup', 'Deploy GitHub Actions self-hosted runners on Kubernetes with KEDA.', 'advanced', '75 min', true, 4);
INSERT INTO public.modules (id, slug, title, icon, description, color, cover_image, total_hours, published, order_index) VALUES ('9eb08245-7915-49c0-821b-da153f52f487', 'terraform', 'Terraform & IaC', 'Code', 'Infrastructure as Code with Terraform: providers, state management, modules, workspaces, and best practices for cloud infrastructure at scale.', '#7b42bc', 'https://images.unsplash.com/photo-1451187580459-43490279c0fa?w=600&q=80', 10, true, 7) ON CONFLICT (slug) DO NOTHING;
INSERT INTO public.lectures (id, module_id, title, description, content, duration, type, published, order_index) VALUES ('fe2adc5b-1d73-4f66-a4ab-bf2217728e82', (SELECT id FROM public.modules WHERE slug = 'terraform'), 'IaC Concepts & Terraform Basics', 'Why IaC, Terraform vs alternatives, HCL syntax, and init/plan/apply.', NULL, '28 min', 'reading', true, 1);
INSERT INTO public.lectures (id, module_id, title, description, content, duration, type, published, order_index) VALUES ('1f6b12ea-14b1-47b8-87de-bc525c4fd247', (SELECT id FROM public.modules WHERE slug = 'terraform'), 'Providers & Resources', 'AWS/Azure/GCP providers, resource lifecycle, and meta-arguments.', NULL, '32 min', 'reading', true, 2);
INSERT INTO public.lectures (id, module_id, title, description, content, duration, type, published, order_index) VALUES ('ce86104a-7e80-4ee5-88c4-0527964f6b80', (SELECT id FROM public.modules WHERE slug = 'terraform'), 'Variables & Outputs', 'Input variables, local values, output values, and tfvars files.', NULL, '22 min', 'reading', true, 3);
INSERT INTO public.lectures (id, module_id, title, description, content, duration, type, published, order_index) VALUES ('91376128-51eb-4635-8dad-0bba7d784981', (SELECT id FROM public.modules WHERE slug = 'terraform'), 'State Management', 'Local vs remote state, S3 backends, state locking, and import.', NULL, '30 min', 'reading', true, 4);
INSERT INTO public.lectures (id, module_id, title, description, content, duration, type, published, order_index) VALUES ('02ebd730-acc6-4514-a7e9-e103df9e622f', (SELECT id FROM public.modules WHERE slug = 'terraform'), 'Modules', 'Writing reusable modules, module registry, and versioning.', NULL, '35 min', 'reading', true, 5);
INSERT INTO public.lectures (id, module_id, title, description, content, duration, type, published, order_index) VALUES ('2fbc4fe5-aa21-4fd0-a83b-23372264dfe7', (SELECT id FROM public.modules WHERE slug = 'terraform'), 'Workspaces & Environments', 'Multi-environment strategy, workspaces, and directory structure.', NULL, '22 min', 'reading', true, 6);
INSERT INTO public.lectures (id, module_id, title, description, content, duration, type, published, order_index) VALUES ('ef62fd84-0a62-452c-824d-5261a82f6d6e', (SELECT id FROM public.modules WHERE slug = 'terraform'), 'Terraform with CI/CD', 'Atlantis, Terraform Cloud, and pipeline integration.', NULL, '28 min', 'reading', true, 7);
INSERT INTO public.lectures (id, module_id, title, description, content, duration, type, published, order_index) VALUES ('77f22fb7-ddd5-4fb6-911e-b4577281a2cf', (SELECT id FROM public.modules WHERE slug = 'terraform'), 'Testing Terraform', 'Terratest, terraform validate, and policy as code with Sentinel.', NULL, '25 min', 'reading', true, 8);
INSERT INTO public.lectures (id, module_id, title, description, content, duration, type, published, order_index) VALUES ('53071e25-1ae7-42c7-9b32-894902fd6707', (SELECT id FROM public.modules WHERE slug = 'terraform'), 'Security Best Practices', 'Least privilege, secret management, and tfsec scanning.', NULL, '22 min', 'reading', true, 9);
INSERT INTO public.lectures (id, module_id, title, description, content, duration, type, published, order_index) VALUES ('eaaa596e-768d-4db2-b8cf-081e53dc81d1', (SELECT id FROM public.modules WHERE slug = 'terraform'), 'Drift Detection & Refactoring', 'Detecting configuration drift and safely refactoring state.', NULL, '20 min', 'reading', true, 10);
INSERT INTO public.labs (id, module_id, title, description, difficulty, duration, published, order_index) VALUES ('26cd3cac-35cc-48a9-ab6f-31ce99cae995', (SELECT id FROM public.modules WHERE slug = 'terraform'), 'Provision AWS VPC & EC2', 'Create a VPC, subnets, security groups, and EC2 instances.', 'beginner', '60 min', true, 1);
INSERT INTO public.labs (id, module_id, title, description, difficulty, duration, published, order_index) VALUES ('9244f659-d7e2-44fa-ae25-9b4e149fbd87', (SELECT id FROM public.modules WHERE slug = 'terraform'), 'Terraform Module Library', 'Build reusable modules for VPC, EKS, and RDS.', 'intermediate', '90 min', true, 2);
INSERT INTO public.labs (id, module_id, title, description, difficulty, duration, published, order_index) VALUES ('b24239cd-48d9-4fd9-a9e5-db01f26b046d', (SELECT id FROM public.modules WHERE slug = 'terraform'), 'Remote State with S3 & DynamoDB', 'Configure remote state backend with locking and encryption.', 'intermediate', '45 min', true, 3);
INSERT INTO public.labs (id, module_id, title, description, difficulty, duration, published, order_index) VALUES ('40a5a441-b3a3-49bc-91d7-dc1f96c4c01f', (SELECT id FROM public.modules WHERE slug = 'terraform'), 'Kubernetes Cluster with EKS', 'Provision a production-grade EKS cluster with node groups.', 'advanced', '120 min', true, 4);
INSERT INTO public.labs (id, module_id, title, description, difficulty, duration, published, order_index) VALUES ('75d0fb3e-7fac-460d-bb74-88a2273cf756', (SELECT id FROM public.modules WHERE slug = 'terraform'), 'Atlantis for Pull Request Automation', 'Deploy Atlantis for automated plan/apply on PRs.', 'advanced', '90 min', true, 5);
INSERT INTO public.modules (id, slug, title, icon, description, color, cover_image, total_hours, published, order_index) VALUES ('6594b93c-e494-4bfc-a09c-d8cdd2a70c8b', 'monitoring', 'Monitoring & Observability', 'BarChart2', 'Build full observability stacks: metrics, logs, traces with Prometheus, Grafana, ELK, Jaeger, and OpenTelemetry.', '#e6522c', 'https://images.unsplash.com/photo-1551288049-bebda4e38f71?w=600&q=80', 14, true, 8) ON CONFLICT (slug) DO NOTHING;
INSERT INTO public.lectures (id, module_id, title, description, content, duration, type, published, order_index) VALUES ('a8e0dd00-04b0-4eaf-9190-00d93bd1d7fb', (SELECT id FROM public.modules WHERE slug = 'monitoring'), 'Observability Principles', 'Monitoring vs observability. The three pillars: metrics, logs, and traces.', NULL, '20 min', 'reading', true, 1);
INSERT INTO public.lectures (id, module_id, title, description, content, duration, type, published, order_index) VALUES ('1a90d93f-a04e-4a4c-8759-5f5f849b0298', (SELECT id FROM public.modules WHERE slug = 'monitoring'), 'SLO, SLA, SLI — Measuring Reliability', 'Service Level Indicators, Objectives, and Agreements — the foundation of SRE reliability.', NULL, '30 min', 'reading', true, 2);
INSERT INTO public.lectures (id, module_id, title, description, content, duration, type, published, order_index) VALUES ('25e95748-b87f-4452-8884-63fc227c2971', (SELECT id FROM public.modules WHERE slug = 'monitoring'), 'Introduction to Prometheus', 'Prometheus architecture, data model, scraping, and Push Gateway.', NULL, '25 min', 'reading', true, 3);
INSERT INTO public.lectures (id, module_id, title, description, content, duration, type, published, order_index) VALUES ('37543a93-5fa5-4fb3-9d0a-c00d7b6156ca', (SELECT id FROM public.modules WHERE slug = 'monitoring'), 'PromQL — Query Language', 'Functions, aggregations, alert rules, and recording rules.', NULL, '40 min', 'reading', true, 4);
INSERT INTO public.lectures (id, module_id, title, description, content, duration, type, published, order_index) VALUES ('fc42746b-8f84-4be8-8438-47ea22fa88bc', (SELECT id FROM public.modules WHERE slug = 'monitoring'), 'Alertmanager', 'Routes, receivers, Slack and PagerDuty integration.', NULL, '20 min', 'reading', true, 5);
INSERT INTO public.lectures (id, module_id, title, description, content, duration, type, published, order_index) VALUES ('e8ab2ad9-edc9-473c-a689-92626c8c3e87', (SELECT id FROM public.modules WHERE slug = 'monitoring'), 'What is Grafana?', 'Installation, dashboard best practices, variables and dynamic dashboards.', NULL, '30 min', 'reading', true, 6);
INSERT INTO public.lectures (id, module_id, title, description, content, duration, type, published, order_index) VALUES ('14bf978c-a397-41c6-a9b7-c12301e1073a', (SELECT id FROM public.modules WHERE slug = 'monitoring'), 'Grafana Loki — Log Collection', 'Installing Loki, Promtail configuration, log labels and queries.', NULL, '40 min', 'reading', true, 7);
INSERT INTO public.lectures (id, module_id, title, description, content, duration, type, published, order_index) VALUES ('846ca36b-01e9-4216-938a-c93138654229', (SELECT id FROM public.modules WHERE slug = 'monitoring'), 'Grafana Alloy & OpenTelemetry', 'OTel architecture and Alloy configuration for metrics and traces.', NULL, '30 min', 'reading', true, 8);
INSERT INTO public.lectures (id, module_id, title, description, content, duration, type, published, order_index) VALUES ('ad210ea6-c1c6-4dab-86a8-d6f79f946d46', (SELECT id FROM public.modules WHERE slug = 'monitoring'), 'Grafana Mimir — Long Term Storage', 'Monolithic vs microservices mode and AWS S3 backend configuration.', NULL, '35 min', 'reading', true, 9);
INSERT INTO public.lectures (id, module_id, title, description, content, duration, type, published, order_index) VALUES ('401d2987-7979-4535-9c95-77aabfe0e3c3', (SELECT id FROM public.modules WHERE slug = 'monitoring'), 'Securing Prometheus & Grafana', 'HTTPS, authentication, OAuth, and Active Directory integration.', NULL, '30 min', 'reading', true, 10);
INSERT INTO public.lectures (id, module_id, title, description, content, duration, type, published, order_index) VALUES ('ab3434b5-0fc2-444f-8fcb-f16c5fb01b6b', (SELECT id FROM public.modules WHERE slug = 'monitoring'), 'Service Discovery', 'AWS EC2 discovery and file-based service discovery in Prometheus.', NULL, '20 min', 'reading', true, 11);
INSERT INTO public.labs (id, module_id, title, description, difficulty, duration, published, order_index) VALUES ('b0da7f38-45cb-408e-8e4b-f248320a6664', (SELECT id FROM public.modules WHERE slug = 'monitoring'), 'Full Monitoring Stack', 'Deploy Prometheus + Grafana + Node Exporter with Docker Compose.', 'beginner', '90 min', true, 1);
INSERT INTO public.labs (id, module_id, title, description, difficulty, duration, published, order_index) VALUES ('3a77031f-597e-4dea-b2a9-8c9ee09a0106', (SELECT id FROM public.modules WHERE slug = 'monitoring'), 'Your First Grafana Dashboard', 'Connect Grafana to Prometheus, build real dashboard, write PromQL queries.', 'beginner', '60 min', true, 2);
INSERT INTO public.labs (id, module_id, title, description, difficulty, duration, published, order_index) VALUES ('7cfa2762-2268-4a95-ac01-9bd25d404a2a', (SELECT id FROM public.modules WHERE slug = 'monitoring'), 'Setting Up Alerts', 'Write alert rules, configure Alertmanager, send Slack notifications.', 'intermediate', '45 min', true, 3);
INSERT INTO public.labs (id, module_id, title, description, difficulty, duration, published, order_index) VALUES ('388f0b38-befa-47e9-9069-2a275443ad51', (SELECT id FROM public.modules WHERE slug = 'monitoring'), 'Grafana Loki Log Collection', 'Install Loki, ship Nginx logs, create log dashboard.', 'intermediate', '60 min', true, 4);
INSERT INTO public.labs (id, module_id, title, description, difficulty, duration, published, order_index) VALUES ('1b098a52-0b62-4c27-8c44-c9601f4dd440', (SELECT id FROM public.modules WHERE slug = 'monitoring'), 'SRE Monitoring Lab', 'Production-level monitoring with SLOs, error budgets, incident simulation.', 'intermediate', '75 min', true, 5);
INSERT INTO public.labs (id, module_id, title, description, difficulty, duration, published, order_index) VALUES ('e5dd7c25-5b3c-4ef6-8a4b-7704c7dd189e', (SELECT id FROM public.modules WHERE slug = 'monitoring'), 'Advanced SRE Lab (Senior Level)', 'Prometheus + Grafana + Node Exporter on EC2, full production setup.', 'advanced', '120 min', true, 6);
INSERT INTO public.labs (id, module_id, title, description, difficulty, duration, published, order_index) VALUES ('28117b3a-d87e-4831-b857-938ab2181340', (SELECT id FROM public.modules WHERE slug = 'monitoring'), 'Prometheus on Two EC2 Instances', 'Multi-server monitoring setup on AWS.', 'advanced', '90 min', true, 7);
INSERT INTO public.modules (id, slug, title, icon, description, color, cover_image, total_hours, published, order_index) VALUES ('45889cb4-a36c-4e53-9ea4-16fd6113c283', 'aws', 'AWS Cloud', 'Cloud', 'Master AWS services: EC2, S3, RDS, Lambda, EKS, VPC, IAM, and building scalable, secure cloud architectures for production workloads.', '#ff9900', 'https://images.unsplash.com/photo-1523474253046-8cd2748b5fd2?w=600&q=80', 14, true, 9) ON CONFLICT (slug) DO NOTHING;
INSERT INTO public.lectures (id, module_id, title, description, content, duration, type, published, order_index) VALUES ('49565ec7-a390-4545-ab8d-d4a3366018db', (SELECT id FROM public.modules WHERE slug = 'aws'), 'AWS Global Infrastructure', 'Regions, AZs, edge locations, and the shared responsibility model.', NULL, '20 min', 'reading', true, 1);
INSERT INTO public.lectures (id, module_id, title, description, content, duration, type, published, order_index) VALUES ('1ffb0711-b8cb-40ca-8257-77b058926f77', (SELECT id FROM public.modules WHERE slug = 'aws'), 'IAM: Identity & Access Management', 'Users, roles, policies, STS, and least privilege design.', NULL, '35 min', 'reading', true, 2);
INSERT INTO public.lectures (id, module_id, title, description, content, duration, type, published, order_index) VALUES ('0b3d2d7c-855d-48b1-9855-32c1489bae86', (SELECT id FROM public.modules WHERE slug = 'aws'), 'VPC & Networking', 'VPCs, subnets, routing, NAT, VPN, and VPC peering.', NULL, '38 min', 'reading', true, 3);
INSERT INTO public.lectures (id, module_id, title, description, content, duration, type, published, order_index) VALUES ('760274b1-e1ec-469b-b2ec-1c08945458a9', (SELECT id FROM public.modules WHERE slug = 'aws'), 'EC2 & Auto Scaling', 'Instance types, AMIs, user data, ASG, and launch templates.', NULL, '32 min', 'reading', true, 4);
INSERT INTO public.lectures (id, module_id, title, description, content, duration, type, published, order_index) VALUES ('a63586e6-5b56-48f0-934c-db83cdf12909', (SELECT id FROM public.modules WHERE slug = 'aws'), 'S3 & Storage Services', 'S3 storage classes, lifecycle, versioning, and CloudFront CDN.', NULL, '28 min', 'reading', true, 5);
INSERT INTO public.lectures (id, module_id, title, description, content, duration, type, published, order_index) VALUES ('b4a777d0-5eb6-4ade-9dc1-291d42de58eb', (SELECT id FROM public.modules WHERE slug = 'aws'), 'RDS & Database Services', 'RDS, Aurora, DynamoDB, ElastiCache, and read replicas.', NULL, '30 min', 'reading', true, 6);
INSERT INTO public.lectures (id, module_id, title, description, content, duration, type, published, order_index) VALUES ('d6fa265d-6f87-475e-a70d-109bab4b2bed', (SELECT id FROM public.modules WHERE slug = 'aws'), 'Lambda & Serverless', 'Functions, triggers, API Gateway, SAM, and cold starts.', NULL, '32 min', 'reading', true, 7);
INSERT INTO public.lectures (id, module_id, title, description, content, duration, type, published, order_index) VALUES ('b8cc75ea-e2e0-42c8-9b92-6ffd5a93054b', (SELECT id FROM public.modules WHERE slug = 'aws'), 'EKS: Kubernetes on AWS', 'EKS clusters, node groups, Fargate, and AWS load balancers.', NULL, '35 min', 'reading', true, 8);
INSERT INTO public.lectures (id, module_id, title, description, content, duration, type, published, order_index) VALUES ('afeb6dfe-c13e-4ff6-ae8d-9bf9e66cfe64', (SELECT id FROM public.modules WHERE slug = 'aws'), 'CloudWatch & Observability', 'Metrics, logs, alarms, X-Ray tracing, and dashboards.', NULL, '25 min', 'reading', true, 9);
INSERT INTO public.lectures (id, module_id, title, description, content, duration, type, published, order_index) VALUES ('b452652f-9e74-4deb-b015-50dd0c49cca1', (SELECT id FROM public.modules WHERE slug = 'aws'), 'Security Services', 'GuardDuty, Security Hub, WAF, Shield, and KMS encryption.', NULL, '28 min', 'reading', true, 10);
INSERT INTO public.lectures (id, module_id, title, description, content, duration, type, published, order_index) VALUES ('91d6947d-9e49-49b7-a494-867ff737bfd7', (SELECT id FROM public.modules WHERE slug = 'aws'), 'Cost Optimization', 'Reserved instances, Savings Plans, Cost Explorer, and Trusted Advisor.', NULL, '22 min', 'reading', true, 11);
INSERT INTO public.lectures (id, module_id, title, description, content, duration, type, published, order_index) VALUES ('11a049bd-6785-4874-9258-9c2dd7b435a9', (SELECT id FROM public.modules WHERE slug = 'aws'), 'High Availability Architecture', 'Multi-AZ, Route 53 failover, and disaster recovery patterns.', NULL, '30 min', 'reading', true, 12);
INSERT INTO public.labs (id, module_id, title, description, difficulty, duration, published, order_index) VALUES ('7043776e-9b68-4853-9bd5-ae0e56e8e7b6', (SELECT id FROM public.modules WHERE slug = 'aws'), '3-Tier VPC Architecture', 'Build a production VPC with public, private, and database tiers.', 'beginner', '75 min', true, 1);
INSERT INTO public.labs (id, module_id, title, description, difficulty, duration, published, order_index) VALUES ('a6b58ed3-a25b-44c4-a876-462ec177daeb', (SELECT id FROM public.modules WHERE slug = 'aws'), 'Serverless API with Lambda', 'Build a REST API with Lambda, API Gateway, and DynamoDB.', 'intermediate', '90 min', true, 2);
INSERT INTO public.labs (id, module_id, title, description, difficulty, duration, published, order_index) VALUES ('8d138010-b437-4643-942f-dccde94f1a92', (SELECT id FROM public.modules WHERE slug = 'aws'), 'EKS Cluster Deployment', 'Launch an EKS cluster with managed node groups and ALB Ingress.', 'intermediate', '120 min', true, 3);
INSERT INTO public.labs (id, module_id, title, description, difficulty, duration, published, order_index) VALUES ('8292a446-c1a5-4a0e-bbd0-9fee422de499', (SELECT id FROM public.modules WHERE slug = 'aws'), 'S3 Static Website + CloudFront', 'Deploy a static site with S3, CloudFront, and Route 53.', 'beginner', '45 min', true, 4);
INSERT INTO public.labs (id, module_id, title, description, difficulty, duration, published, order_index) VALUES ('4df5b6fd-70ce-4f52-ad78-27cdc79c6ffc', (SELECT id FROM public.modules WHERE slug = 'aws'), 'RDS Multi-AZ with Read Replica', 'Set up PostgreSQL RDS with failover and read replica.', 'intermediate', '90 min', true, 5);
INSERT INTO public.labs (id, module_id, title, description, difficulty, duration, published, order_index) VALUES ('1952dcf8-b6ba-4442-9007-f54c18d6cfb4', (SELECT id FROM public.modules WHERE slug = 'aws'), 'Cost Optimization Challenge', 'Analyze a sample AWS account and implement cost savings.', 'advanced', '90 min', true, 6);
INSERT INTO public.modules (id, slug, title, icon, description, color, cover_image, total_hours, published, order_index) VALUES ('3162b067-a8bb-4fa8-bea1-32b1d55fd4eb', 'ansible', 'Ansible Automation', 'Settings', 'Automate infrastructure with Ansible: playbooks, roles, inventory management, Ansible Galaxy, AWX, and idempotent configuration management.', '#e00', 'https://images.unsplash.com/photo-1542831371-29b0f74f9713?w=600&q=80', 8, true, 10) ON CONFLICT (slug) DO NOTHING;
INSERT INTO public.lectures (id, module_id, title, description, content, duration, type, published, order_index) VALUES ('73d4f6b3-fb75-46f9-a38c-14d5edcf635c', (SELECT id FROM public.modules WHERE slug = 'ansible'), 'Ansible Fundamentals', 'Agentless architecture, SSH, inventory, and ad-hoc commands.', NULL, '25 min', 'reading', true, 1);
INSERT INTO public.lectures (id, module_id, title, description, content, duration, type, published, order_index) VALUES ('b95d43fd-0497-4d1b-99f6-245553795380', (SELECT id FROM public.modules WHERE slug = 'ansible'), 'Playbooks & Tasks', 'YAML structure, modules, handlers, and task ordering.', NULL, '32 min', 'reading', true, 2);
INSERT INTO public.lectures (id, module_id, title, description, content, duration, type, published, order_index) VALUES ('7ea456c7-cde5-4d37-a36c-1560a0ca0284', (SELECT id FROM public.modules WHERE slug = 'ansible'), 'Variables & Templates', 'Variables precedence, Jinja2 templates, and lookup plugins.', NULL, '28 min', 'reading', true, 3);
INSERT INTO public.lectures (id, module_id, title, description, content, duration, type, published, order_index) VALUES ('11722e9a-1121-436f-b7d7-533468c75f6e', (SELECT id FROM public.modules WHERE slug = 'ansible'), 'Roles & Galaxy', 'Role structure, Ansible Galaxy, and community collections.', NULL, '30 min', 'reading', true, 4);
INSERT INTO public.lectures (id, module_id, title, description, content, duration, type, published, order_index) VALUES ('20f7ec70-4c54-4514-ba1a-01db21fb7cfc', (SELECT id FROM public.modules WHERE slug = 'ansible'), 'Dynamic Inventory', 'Cloud dynamic inventory, AWS EC2 plugin, and custom scripts.', NULL, '22 min', 'reading', true, 5);
INSERT INTO public.lectures (id, module_id, title, description, content, duration, type, published, order_index) VALUES ('3cb10d8b-e4d0-453a-9091-a7dc696c322c', (SELECT id FROM public.modules WHERE slug = 'ansible'), 'Ansible Vault', 'Encrypting sensitive data, vault IDs, and CI/CD integration.', NULL, '18 min', 'reading', true, 6);
INSERT INTO public.lectures (id, module_id, title, description, content, duration, type, published, order_index) VALUES ('d7c7e868-3ca0-45f1-afe8-4c6fed61debb', (SELECT id FROM public.modules WHERE slug = 'ansible'), 'AWX & Automation Controller', 'Web UI, job templates, credentials, and scheduled jobs.', NULL, '30 min', 'reading', true, 7);
INSERT INTO public.lectures (id, module_id, title, description, content, duration, type, published, order_index) VALUES ('8e5058fb-59d6-41fa-9986-eb7c38779aac', (SELECT id FROM public.modules WHERE slug = 'ansible'), 'Testing Ansible', 'Molecule, testinfra, and automated role testing.', NULL, '22 min', 'reading', true, 8);
INSERT INTO public.labs (id, module_id, title, description, difficulty, duration, published, order_index) VALUES ('e0dae15b-0da5-4cfe-8d29-7e2b4cda252b', (SELECT id FROM public.modules WHERE slug = 'ansible'), 'Server Provisioning Playbook', 'Write a playbook to provision and configure Ubuntu servers.', 'beginner', '60 min', true, 1);
INSERT INTO public.labs (id, module_id, title, description, difficulty, duration, published, order_index) VALUES ('2a215f88-8eee-4b11-bb83-2ca7ac00b53c', (SELECT id FROM public.modules WHERE slug = 'ansible'), 'Multi-Tier App Deployment', 'Deploy a LAMP stack across multiple hosts with roles.', 'intermediate', '90 min', true, 2);
INSERT INTO public.labs (id, module_id, title, description, difficulty, duration, published, order_index) VALUES ('3d3ad1c0-aeec-4361-bfe8-677735812294', (SELECT id FROM public.modules WHERE slug = 'ansible'), 'Dynamic AWS Inventory', 'Configure dynamic EC2 inventory and target instances by tags.', 'intermediate', '60 min', true, 3);
INSERT INTO public.labs (id, module_id, title, description, difficulty, duration, published, order_index) VALUES ('8eb7ec82-fa0b-47e7-9696-9ee531eb53f5', (SELECT id FROM public.modules WHERE slug = 'ansible'), 'Ansible + AWX Setup', 'Deploy AWX on Kubernetes and set up automated deployments.', 'advanced', '120 min', true, 4);
INSERT INTO public.modules (id, slug, title, icon, description, color, cover_image, total_hours, published, order_index) VALUES ('79155518-0747-48a5-9c5b-d816b2b43fef', 'kafka', 'Apache Kafka', 'Zap', 'Event streaming with Apache Kafka: topics, partitions, consumer groups, Kafka Streams, Schema Registry, and production deployment patterns.', '#231f20', 'https://images.unsplash.com/photo-1558618666-fcd25c85cd64?w=600&q=80', 9, true, 11) ON CONFLICT (slug) DO NOTHING;
INSERT INTO public.lectures (id, module_id, title, description, content, duration, type, published, order_index) VALUES ('fbcf65cc-6522-4227-a214-3c54b9b21639', (SELECT id FROM public.modules WHERE slug = 'kafka'), 'Kafka Architecture', 'Brokers, topics, partitions, offsets, and Zookeeper/KRaft.', NULL, '30 min', 'reading', true, 1);
INSERT INTO public.lectures (id, module_id, title, description, content, duration, type, published, order_index) VALUES ('2200464c-09ce-4de7-ab03-c7fa2d3dd8c6', (SELECT id FROM public.modules WHERE slug = 'kafka'), 'Producers & Consumers', 'Producer configs, consumer groups, rebalancing, and committing.', NULL, '32 min', 'reading', true, 2);
INSERT INTO public.lectures (id, module_id, title, description, content, duration, type, published, order_index) VALUES ('c4a903fd-bb46-47b5-9db6-ebd8d56c5574', (SELECT id FROM public.modules WHERE slug = 'kafka'), 'Kafka Internals', 'Log compaction, retention, replication factor, and ISR.', NULL, '28 min', 'reading', true, 3);
INSERT INTO public.lectures (id, module_id, title, description, content, duration, type, published, order_index) VALUES ('459e526d-21ea-4924-ac7b-1dce8ae2e522', (SELECT id FROM public.modules WHERE slug = 'kafka'), 'Kafka Streams', 'Stream processing, stateful operations, windowing, and KTable.', NULL, '35 min', 'reading', true, 4);
INSERT INTO public.lectures (id, module_id, title, description, content, duration, type, published, order_index) VALUES ('c6c19079-bdaf-4813-8737-f4641486778a', (SELECT id FROM public.modules WHERE slug = 'kafka'), 'Schema Registry & Avro', 'Schema evolution, Avro serialization, and Confluent Schema Registry.', NULL, '25 min', 'reading', true, 5);
INSERT INTO public.lectures (id, module_id, title, description, content, duration, type, published, order_index) VALUES ('fc38e7fb-5fc6-4863-a52b-45742f2ab827', (SELECT id FROM public.modules WHERE slug = 'kafka'), 'Kafka Connect', 'Source & sink connectors, transformations, and dead letter queues.', NULL, '28 min', 'reading', true, 6);
INSERT INTO public.lectures (id, module_id, title, description, content, duration, type, published, order_index) VALUES ('abc2a6e6-3e89-4b5b-800a-6e66eb1b65f0', (SELECT id FROM public.modules WHERE slug = 'kafka'), 'Kafka Security', 'TLS, SASL authentication, authorization, and encryption at rest.', NULL, '25 min', 'reading', true, 7);
INSERT INTO public.lectures (id, module_id, title, description, content, duration, type, published, order_index) VALUES ('e20f2c94-d951-4b41-8b92-89842122a14a', (SELECT id FROM public.modules WHERE slug = 'kafka'), 'Kafka on Kubernetes', 'Strimzi operator, StatefulSets, and persistent storage.', NULL, '30 min', 'reading', true, 8);
INSERT INTO public.lectures (id, module_id, title, description, content, duration, type, published, order_index) VALUES ('bc82d905-4416-44cd-900e-79a204fcdd05', (SELECT id FROM public.modules WHERE slug = 'kafka'), 'Performance Tuning', 'Throughput optimization, batch sizing, and monitoring Kafka.', NULL, '22 min', 'reading', true, 9);
INSERT INTO public.labs (id, module_id, title, description, difficulty, duration, published, order_index) VALUES ('a9754711-8d4c-4e5d-a1d6-a70bcc46a588', (SELECT id FROM public.modules WHERE slug = 'kafka'), 'Local Kafka Setup', 'Run Kafka with Docker Compose and produce/consume messages.', 'beginner', '45 min', true, 1);
INSERT INTO public.labs (id, module_id, title, description, difficulty, duration, published, order_index) VALUES ('258bff41-0371-40cc-a9ca-f6d4dd13ba4c', (SELECT id FROM public.modules WHERE slug = 'kafka'), 'Build a Streaming Pipeline', 'Build an event-driven pipeline with Kafka Streams and MongoDB.', 'intermediate', '120 min', true, 2);
INSERT INTO public.labs (id, module_id, title, description, difficulty, duration, published, order_index) VALUES ('17d4ef87-26ad-4e73-91c9-7aaf5c6e68b0', (SELECT id FROM public.modules WHERE slug = 'kafka'), 'Kafka Connect Lab', 'Set up JDBC source and Elasticsearch sink connectors.', 'intermediate', '90 min', true, 3);
INSERT INTO public.labs (id, module_id, title, description, difficulty, duration, published, order_index) VALUES ('7acf0a58-5470-4f29-a154-f5bdfd6823ff', (SELECT id FROM public.modules WHERE slug = 'kafka'), 'Strimzi on Kubernetes', 'Deploy production Kafka cluster on K8s with Strimzi.', 'advanced', '120 min', true, 4);
INSERT INTO public.modules (id, slug, title, icon, description, color, cover_image, total_hours, published, order_index) VALUES ('0efe6ce0-65fd-49b6-8925-9b6d94c02e54', 'azure', 'Microsoft Azure', 'Cloud', 'Azure cloud platform: Virtual Machines, AKS, Azure DevOps, Active Directory, networking, and enterprise cloud architecture patterns.', '#0072c6', 'https://images.unsplash.com/photo-1633356122544-f134324a6cee?w=600&q=80', 11, true, 12) ON CONFLICT (slug) DO NOTHING;
INSERT INTO public.lectures (id, module_id, title, description, content, duration, type, published, order_index) VALUES ('a51c5e5a-04f9-4543-bffa-00d502d4d0b8', (SELECT id FROM public.modules WHERE slug = 'azure'), 'Azure Architecture Fundamentals', 'Regions, resource groups, subscriptions, and management groups.', NULL, '25 min', 'reading', true, 1);
INSERT INTO public.lectures (id, module_id, title, description, content, duration, type, published, order_index) VALUES ('6a390d42-bec0-4b83-995d-3eb21004301b', (SELECT id FROM public.modules WHERE slug = 'azure'), 'Azure Active Directory', 'Users, groups, RBAC, service principals, and managed identities.', NULL, '32 min', 'reading', true, 2);
INSERT INTO public.lectures (id, module_id, title, description, content, duration, type, published, order_index) VALUES ('5198bf2b-6784-4453-a5a7-6c2a1b64d15a', (SELECT id FROM public.modules WHERE slug = 'azure'), 'Virtual Machines & VMSS', 'VM sizes, images, availability sets, and scale sets.', NULL, '28 min', 'reading', true, 3);
INSERT INTO public.lectures (id, module_id, title, description, content, duration, type, published, order_index) VALUES ('453e55fb-65dc-42a9-9813-2e56986d1110', (SELECT id FROM public.modules WHERE slug = 'azure'), 'Azure Networking', 'VNets, subnets, NSGs, Azure Firewall, and VPN Gateway.', NULL, '35 min', 'reading', true, 4);
INSERT INTO public.lectures (id, module_id, title, description, content, duration, type, published, order_index) VALUES ('6a31c11a-2cb6-4286-95b4-40e6c2fa36f2', (SELECT id FROM public.modules WHERE slug = 'azure'), 'Azure Kubernetes Service', 'AKS clusters, node pools, Azure CNI, and ACR integration.', NULL, '38 min', 'reading', true, 5);
INSERT INTO public.lectures (id, module_id, title, description, content, duration, type, published, order_index) VALUES ('cd6a41e1-e9f5-44d5-bc06-8577af0bbbf5', (SELECT id FROM public.modules WHERE slug = 'azure'), 'Azure DevOps Pipelines', 'Repos, Pipelines, Artifacts, and Boards for DevOps workflows.', NULL, '35 min', 'reading', true, 6);
INSERT INTO public.lectures (id, module_id, title, description, content, duration, type, published, order_index) VALUES ('27d319bc-2598-4546-8068-8097645785e0', (SELECT id FROM public.modules WHERE slug = 'azure'), 'Storage & Databases', 'Blob Storage, Azure SQL, Cosmos DB, and Redis Cache.', NULL, '28 min', 'reading', true, 7);
INSERT INTO public.lectures (id, module_id, title, description, content, duration, type, published, order_index) VALUES ('001f4960-f1e3-4cb0-abed-a663c5c1e365', (SELECT id FROM public.modules WHERE slug = 'azure'), 'Azure Functions & Serverless', 'Functions, Logic Apps, Event Grid, and Service Bus.', NULL, '25 min', 'reading', true, 8);
INSERT INTO public.lectures (id, module_id, title, description, content, duration, type, published, order_index) VALUES ('dbbfe61b-9f38-4a14-b4de-b6caf9732711', (SELECT id FROM public.modules WHERE slug = 'azure'), 'Azure Monitor & Security Center', 'Metrics, Log Analytics, Sentinel, and Defender for Cloud.', NULL, '22 min', 'reading', true, 9);
INSERT INTO public.lectures (id, module_id, title, description, content, duration, type, published, order_index) VALUES ('553be28b-9952-4408-a863-0ca82fbc6be4', (SELECT id FROM public.modules WHERE slug = 'azure'), 'Cost Management', 'Cost analysis, budgets, reservations, and Azure Advisor.', NULL, '20 min', 'reading', true, 10);
INSERT INTO public.labs (id, module_id, title, description, difficulty, duration, published, order_index) VALUES ('530d08e3-040f-4fe3-b484-6637309fb3a2', (SELECT id FROM public.modules WHERE slug = 'azure'), 'Azure VNet Architecture', 'Build a hub-spoke VNet with NSGs and peering.', 'beginner', '60 min', true, 1);
INSERT INTO public.labs (id, module_id, title, description, difficulty, duration, published, order_index) VALUES ('5ce93f3c-0874-4a89-8f36-a94fb7356949', (SELECT id FROM public.modules WHERE slug = 'azure'), 'AKS Deployment', 'Deploy AKS with AAD integration and Azure Load Balancer.', 'intermediate', '120 min', true, 2);
INSERT INTO public.labs (id, module_id, title, description, difficulty, duration, published, order_index) VALUES ('d9e70dfd-8ebd-494c-bdf3-15139c4af9bd', (SELECT id FROM public.modules WHERE slug = 'azure'), 'Azure DevOps Pipeline', 'Build a complete CI/CD pipeline with Azure DevOps and ACR.', 'intermediate', '90 min', true, 3);
INSERT INTO public.labs (id, module_id, title, description, difficulty, duration, published, order_index) VALUES ('0d715994-3f63-464e-9e12-f242e2e2aa84', (SELECT id FROM public.modules WHERE slug = 'azure'), 'Terraform on Azure', 'Provision Azure infrastructure using Terraform with remote state.', 'intermediate', '90 min', true, 4);
INSERT INTO public.labs (id, module_id, title, description, difficulty, duration, published, order_index) VALUES ('e8318faf-ca1a-4325-a0ad-9be0fa1f64d0', (SELECT id FROM public.modules WHERE slug = 'azure'), 'Azure Security Hardening', 'Implement Defender for Cloud recommendations and Sentinel.', 'advanced', '120 min', true, 5);
INSERT INTO public.modules (id, slug, title, icon, description, color, cover_image, total_hours, published, order_index) VALUES ('2a6036c4-c91c-4367-b1c9-d91b95c96b32', 'prometheus-grafana', 'Prometheus & Grafana', 'Activity', 'Master the Prometheus + Grafana stack: PromQL, alerting, recording rules, Grafana dashboards, Loki for logs, and Tempo for traces.', '#e6522c', 'https://images.unsplash.com/photo-1504868584819-f8e8b4b6d7e3?w=600&q=80', 10, true, 13) ON CONFLICT (slug) DO NOTHING;
INSERT INTO public.lectures (id, module_id, title, description, content, duration, type, published, order_index) VALUES ('14100047-30dd-46a1-b6e1-975de29a448d', (SELECT id FROM public.modules WHERE slug = 'prometheus-grafana'), 'Prometheus Architecture & Setup', 'Components, service discovery, relabeling, and HA setup.', NULL, '28 min', 'reading', true, 1);
INSERT INTO public.lectures (id, module_id, title, description, content, duration, type, published, order_index) VALUES ('7331ae99-ef9c-4cb0-8cba-0b83f89d897a', (SELECT id FROM public.modules WHERE slug = 'prometheus-grafana'), 'PromQL Mastery', 'Rate, irate, histogram_quantile, and advanced queries.', NULL, '40 min', 'reading', true, 2);
INSERT INTO public.lectures (id, module_id, title, description, content, duration, type, published, order_index) VALUES ('9d735748-69ed-4050-b0aa-1903d6593f08', (SELECT id FROM public.modules WHERE slug = 'prometheus-grafana'), 'Recording & Alerting Rules', 'Precomputing metrics, alert syntax, and severity levels.', NULL, '30 min', 'reading', true, 3);
INSERT INTO public.lectures (id, module_id, title, description, content, duration, type, published, order_index) VALUES ('f183ac49-4dbd-46e8-999d-11c01bb54d9f', (SELECT id FROM public.modules WHERE slug = 'prometheus-grafana'), 'Alertmanager Configuration', 'Routes, receivers, silences, inhibition, and grouping.', NULL, '28 min', 'reading', true, 4);
INSERT INTO public.lectures (id, module_id, title, description, content, duration, type, published, order_index) VALUES ('bf96011f-9d47-4a99-8533-7169cf4d2d93', (SELECT id FROM public.modules WHERE slug = 'prometheus-grafana'), 'Grafana Data Sources', 'Prometheus, Loki, Tempo, Elasticsearch, and MySQL.', NULL, '22 min', 'reading', true, 5);
INSERT INTO public.lectures (id, module_id, title, description, content, duration, type, published, order_index) VALUES ('5acd9ac7-18e6-482a-9b62-c207b5debabd', (SELECT id FROM public.modules WHERE slug = 'prometheus-grafana'), 'Dashboard Design Principles', 'USE, RED, and GOLDEN signal methods for useful dashboards.', NULL, '30 min', 'reading', true, 6);
INSERT INTO public.lectures (id, module_id, title, description, content, duration, type, published, order_index) VALUES ('23fae036-88d3-4d97-8daa-82dcd079d127', (SELECT id FROM public.modules WHERE slug = 'prometheus-grafana'), 'Grafana Loki', 'LogQL, log streams, labels, and Promtail configuration.', NULL, '28 min', 'reading', true, 7);
INSERT INTO public.lectures (id, module_id, title, description, content, duration, type, published, order_index) VALUES ('6d72df17-0f0d-4e53-9291-153a24df478d', (SELECT id FROM public.modules WHERE slug = 'prometheus-grafana'), 'Grafana Tempo & Traces', 'Trace exploration, trace-to-logs correlation, and exemplars.', NULL, '25 min', 'reading', true, 8);
INSERT INTO public.lectures (id, module_id, title, description, content, duration, type, published, order_index) VALUES ('3256ea82-a95e-4883-8fda-69d4987a3ae7', (SELECT id FROM public.modules WHERE slug = 'prometheus-grafana'), 'Exporters Ecosystem', 'Node Exporter, Blackbox, MySQL, Redis, and custom exporters.', NULL, '22 min', 'reading', true, 9);
INSERT INTO public.lectures (id, module_id, title, description, content, duration, type, published, order_index) VALUES ('66f09e78-04c3-4b03-af8b-97dc03175cd2', (SELECT id FROM public.modules WHERE slug = 'prometheus-grafana'), 'Grafana as Code', 'Grafonnet, dashboard provisioning, and version control.', NULL, '20 min', 'reading', true, 10);
INSERT INTO public.labs (id, module_id, title, description, difficulty, duration, published, order_index) VALUES ('4e94732d-d2e8-4f2f-b154-32ec76e9153d', (SELECT id FROM public.modules WHERE slug = 'prometheus-grafana'), 'kube-prometheus-stack Setup', 'Deploy the full Prometheus + Grafana stack on Kubernetes via Helm.', 'beginner', '60 min', true, 1);
INSERT INTO public.labs (id, module_id, title, description, difficulty, duration, published, order_index) VALUES ('c88c97bb-42f3-4a97-b5b9-212e0864951f', (SELECT id FROM public.modules WHERE slug = 'prometheus-grafana'), 'Custom Dashboard: Kubernetes', 'Build a production Kubernetes cluster dashboard from scratch.', 'intermediate', '90 min', true, 2);
INSERT INTO public.labs (id, module_id, title, description, difficulty, duration, published, order_index) VALUES ('9eef44a4-06f9-4211-82d5-0136beb63747', (SELECT id FROM public.modules WHERE slug = 'prometheus-grafana'), 'SLO Alerting with Pyrra', 'Define SLOs and generate burn rate alerts with Pyrra.', 'intermediate', '90 min', true, 3);
INSERT INTO public.labs (id, module_id, title, description, difficulty, duration, published, order_index) VALUES ('15769323-8325-42fb-bfd6-cd56c1de5961', (SELECT id FROM public.modules WHERE slug = 'prometheus-grafana'), 'Loki + Grafana Log Pipeline', 'Ship application logs to Loki and create log dashboards.', 'intermediate', '75 min', true, 4);
INSERT INTO public.labs (id, module_id, title, description, difficulty, duration, published, order_index) VALUES ('8c054012-839c-4ad2-8209-5b5cd470c55c', (SELECT id FROM public.modules WHERE slug = 'prometheus-grafana'), 'Full Observability Stack', 'Connect metrics, logs, and traces for an end-to-end observable app.', 'advanced', '150 min', true, 5);

-- Quizzes and Questions Seed Data
INSERT INTO public.quizzes (id, module_id, title, description, passing_score, published) VALUES ('11111111-1111-1111-1111-000000000001', (SELECT id FROM public.modules WHERE slug = 'git'), 'Git Final Quiz', 'Final assessment for the Git module', 80, true);
INSERT INTO public.quiz_questions (quiz_id, question, options, correct_answer, order_index) VALUES ('11111111-1111-1111-1111-000000000001', 'What is the primary purpose of Git?', ARRAY['Option A', 'Option B', 'Option C', 'Option D'], 'Option A', 1);
INSERT INTO public.quiz_questions (quiz_id, question, options, correct_answer, order_index) VALUES ('11111111-1111-1111-1111-000000000001', 'Which command is typically used to initialize or start Git?', ARRAY['Option A', 'Option B', 'Option C', 'Option D'], 'Option A', 2);
INSERT INTO public.quiz_questions (quiz_id, question, options, correct_answer, order_index) VALUES ('11111111-1111-1111-1111-000000000001', 'How do you handle configuration management in Git?', ARRAY['Option A', 'Option B', 'Option C', 'Option D'], 'Option A', 3);
INSERT INTO public.quiz_questions (quiz_id, question, options, correct_answer, order_index) VALUES ('11111111-1111-1111-1111-000000000001', 'What is a core concept associated with Git?', ARRAY['Option A', 'Option B', 'Option C', 'Option D'], 'Option A', 4);
INSERT INTO public.quiz_questions (quiz_id, question, options, correct_answer, order_index) VALUES ('11111111-1111-1111-1111-000000000001', 'Which component acts as the main controller or master in Git?', ARRAY['Option A', 'Option B', 'Option C', 'Option D'], 'Option A', 5);
INSERT INTO public.quiz_questions (quiz_id, question, options, correct_answer, order_index) VALUES ('11111111-1111-1111-1111-000000000001', 'How do you scale workloads or instances using Git?', ARRAY['Option A', 'Option B', 'Option C', 'Option D'], 'Option A', 6);
INSERT INTO public.quiz_questions (quiz_id, question, options, correct_answer, order_index) VALUES ('11111111-1111-1111-1111-000000000001', 'What is the recommended best practice for security in Git?', ARRAY['Option A', 'Option B', 'Option C', 'Option D'], 'Option A', 7);
INSERT INTO public.quiz_questions (quiz_id, question, options, correct_answer, order_index) VALUES ('11111111-1111-1111-1111-000000000001', 'How do you troubleshoot common issues in Git?', ARRAY['Option A', 'Option B', 'Option C', 'Option D'], 'Option A', 8);
INSERT INTO public.quiz_questions (quiz_id, question, options, correct_answer, order_index) VALUES ('11111111-1111-1111-1111-000000000001', 'Which file format is used for the primary configuration of Git?', ARRAY['Option A', 'Option B', 'Option C', 'Option D'], 'Option A', 9);
INSERT INTO public.quiz_questions (quiz_id, question, options, correct_answer, order_index) VALUES ('11111111-1111-1111-1111-000000000001', 'What is a common anti-pattern to avoid when using Git?', ARRAY['Option A', 'Option B', 'Option C', 'Option D'], 'Option A', 10);
INSERT INTO public.quizzes (id, module_id, title, description, passing_score, published) VALUES ('11111111-1111-1111-1111-000000000002', (SELECT id FROM public.modules WHERE slug = 'linux'), 'Linux Final Quiz', 'Final assessment for the Linux module', 80, true);
INSERT INTO public.quiz_questions (quiz_id, question, options, correct_answer, order_index) VALUES ('11111111-1111-1111-1111-000000000002', 'What is the primary purpose of Linux?', ARRAY['Option A', 'Option B', 'Option C', 'Option D'], 'Option A', 1);
INSERT INTO public.quiz_questions (quiz_id, question, options, correct_answer, order_index) VALUES ('11111111-1111-1111-1111-000000000002', 'Which command is typically used to initialize or start Linux?', ARRAY['Option A', 'Option B', 'Option C', 'Option D'], 'Option A', 2);
INSERT INTO public.quiz_questions (quiz_id, question, options, correct_answer, order_index) VALUES ('11111111-1111-1111-1111-000000000002', 'How do you handle configuration management in Linux?', ARRAY['Option A', 'Option B', 'Option C', 'Option D'], 'Option A', 3);
INSERT INTO public.quiz_questions (quiz_id, question, options, correct_answer, order_index) VALUES ('11111111-1111-1111-1111-000000000002', 'What is a core concept associated with Linux?', ARRAY['Option A', 'Option B', 'Option C', 'Option D'], 'Option A', 4);
INSERT INTO public.quiz_questions (quiz_id, question, options, correct_answer, order_index) VALUES ('11111111-1111-1111-1111-000000000002', 'Which component acts as the main controller or master in Linux?', ARRAY['Option A', 'Option B', 'Option C', 'Option D'], 'Option A', 5);
INSERT INTO public.quiz_questions (quiz_id, question, options, correct_answer, order_index) VALUES ('11111111-1111-1111-1111-000000000002', 'How do you scale workloads or instances using Linux?', ARRAY['Option A', 'Option B', 'Option C', 'Option D'], 'Option A', 6);
INSERT INTO public.quiz_questions (quiz_id, question, options, correct_answer, order_index) VALUES ('11111111-1111-1111-1111-000000000002', 'What is the recommended best practice for security in Linux?', ARRAY['Option A', 'Option B', 'Option C', 'Option D'], 'Option A', 7);
INSERT INTO public.quiz_questions (quiz_id, question, options, correct_answer, order_index) VALUES ('11111111-1111-1111-1111-000000000002', 'How do you troubleshoot common issues in Linux?', ARRAY['Option A', 'Option B', 'Option C', 'Option D'], 'Option A', 8);
INSERT INTO public.quiz_questions (quiz_id, question, options, correct_answer, order_index) VALUES ('11111111-1111-1111-1111-000000000002', 'Which file format is used for the primary configuration of Linux?', ARRAY['Option A', 'Option B', 'Option C', 'Option D'], 'Option A', 9);
INSERT INTO public.quiz_questions (quiz_id, question, options, correct_answer, order_index) VALUES ('11111111-1111-1111-1111-000000000002', 'What is a common anti-pattern to avoid when using Linux?', ARRAY['Option A', 'Option B', 'Option C', 'Option D'], 'Option A', 10);
INSERT INTO public.quizzes (id, module_id, title, description, passing_score, published) VALUES ('11111111-1111-1111-1111-000000000003', (SELECT id FROM public.modules WHERE slug = 'networking'), 'Networking Final Quiz', 'Final assessment for the Networking module', 80, true);
INSERT INTO public.quiz_questions (quiz_id, question, options, correct_answer, order_index) VALUES ('11111111-1111-1111-1111-000000000003', 'What is the primary purpose of Networking?', ARRAY['Option A', 'Option B', 'Option C', 'Option D'], 'Option A', 1);
INSERT INTO public.quiz_questions (quiz_id, question, options, correct_answer, order_index) VALUES ('11111111-1111-1111-1111-000000000003', 'Which command is typically used to initialize or start Networking?', ARRAY['Option A', 'Option B', 'Option C', 'Option D'], 'Option A', 2);
INSERT INTO public.quiz_questions (quiz_id, question, options, correct_answer, order_index) VALUES ('11111111-1111-1111-1111-000000000003', 'How do you handle configuration management in Networking?', ARRAY['Option A', 'Option B', 'Option C', 'Option D'], 'Option A', 3);
INSERT INTO public.quiz_questions (quiz_id, question, options, correct_answer, order_index) VALUES ('11111111-1111-1111-1111-000000000003', 'What is a core concept associated with Networking?', ARRAY['Option A', 'Option B', 'Option C', 'Option D'], 'Option A', 4);
INSERT INTO public.quiz_questions (quiz_id, question, options, correct_answer, order_index) VALUES ('11111111-1111-1111-1111-000000000003', 'Which component acts as the main controller or master in Networking?', ARRAY['Option A', 'Option B', 'Option C', 'Option D'], 'Option A', 5);
INSERT INTO public.quiz_questions (quiz_id, question, options, correct_answer, order_index) VALUES ('11111111-1111-1111-1111-000000000003', 'How do you scale workloads or instances using Networking?', ARRAY['Option A', 'Option B', 'Option C', 'Option D'], 'Option A', 6);
INSERT INTO public.quiz_questions (quiz_id, question, options, correct_answer, order_index) VALUES ('11111111-1111-1111-1111-000000000003', 'What is the recommended best practice for security in Networking?', ARRAY['Option A', 'Option B', 'Option C', 'Option D'], 'Option A', 7);
INSERT INTO public.quiz_questions (quiz_id, question, options, correct_answer, order_index) VALUES ('11111111-1111-1111-1111-000000000003', 'How do you troubleshoot common issues in Networking?', ARRAY['Option A', 'Option B', 'Option C', 'Option D'], 'Option A', 8);
INSERT INTO public.quiz_questions (quiz_id, question, options, correct_answer, order_index) VALUES ('11111111-1111-1111-1111-000000000003', 'Which file format is used for the primary configuration of Networking?', ARRAY['Option A', 'Option B', 'Option C', 'Option D'], 'Option A', 9);
INSERT INTO public.quiz_questions (quiz_id, question, options, correct_answer, order_index) VALUES ('11111111-1111-1111-1111-000000000003', 'What is a common anti-pattern to avoid when using Networking?', ARRAY['Option A', 'Option B', 'Option C', 'Option D'], 'Option A', 10);
INSERT INTO public.quizzes (id, module_id, title, description, passing_score, published) VALUES ('11111111-1111-1111-1111-000000000004', (SELECT id FROM public.modules WHERE slug = 'docker'), 'Docker Final Quiz', 'Final assessment for the Docker module', 80, true);
INSERT INTO public.quiz_questions (quiz_id, question, options, correct_answer, order_index) VALUES ('11111111-1111-1111-1111-000000000004', 'What is the primary purpose of Docker?', ARRAY['Option A', 'Option B', 'Option C', 'Option D'], 'Option A', 1);
INSERT INTO public.quiz_questions (quiz_id, question, options, correct_answer, order_index) VALUES ('11111111-1111-1111-1111-000000000004', 'Which command is typically used to initialize or start Docker?', ARRAY['Option A', 'Option B', 'Option C', 'Option D'], 'Option A', 2);
INSERT INTO public.quiz_questions (quiz_id, question, options, correct_answer, order_index) VALUES ('11111111-1111-1111-1111-000000000004', 'How do you handle configuration management in Docker?', ARRAY['Option A', 'Option B', 'Option C', 'Option D'], 'Option A', 3);
INSERT INTO public.quiz_questions (quiz_id, question, options, correct_answer, order_index) VALUES ('11111111-1111-1111-1111-000000000004', 'What is a core concept associated with Docker?', ARRAY['Option A', 'Option B', 'Option C', 'Option D'], 'Option A', 4);
INSERT INTO public.quiz_questions (quiz_id, question, options, correct_answer, order_index) VALUES ('11111111-1111-1111-1111-000000000004', 'Which component acts as the main controller or master in Docker?', ARRAY['Option A', 'Option B', 'Option C', 'Option D'], 'Option A', 5);
INSERT INTO public.quiz_questions (quiz_id, question, options, correct_answer, order_index) VALUES ('11111111-1111-1111-1111-000000000004', 'How do you scale workloads or instances using Docker?', ARRAY['Option A', 'Option B', 'Option C', 'Option D'], 'Option A', 6);
INSERT INTO public.quiz_questions (quiz_id, question, options, correct_answer, order_index) VALUES ('11111111-1111-1111-1111-000000000004', 'What is the recommended best practice for security in Docker?', ARRAY['Option A', 'Option B', 'Option C', 'Option D'], 'Option A', 7);
INSERT INTO public.quiz_questions (quiz_id, question, options, correct_answer, order_index) VALUES ('11111111-1111-1111-1111-000000000004', 'How do you troubleshoot common issues in Docker?', ARRAY['Option A', 'Option B', 'Option C', 'Option D'], 'Option A', 8);
INSERT INTO public.quiz_questions (quiz_id, question, options, correct_answer, order_index) VALUES ('11111111-1111-1111-1111-000000000004', 'Which file format is used for the primary configuration of Docker?', ARRAY['Option A', 'Option B', 'Option C', 'Option D'], 'Option A', 9);
INSERT INTO public.quiz_questions (quiz_id, question, options, correct_answer, order_index) VALUES ('11111111-1111-1111-1111-000000000004', 'What is a common anti-pattern to avoid when using Docker?', ARRAY['Option A', 'Option B', 'Option C', 'Option D'], 'Option A', 10);
INSERT INTO public.quizzes (id, module_id, title, description, passing_score, published) VALUES ('11111111-1111-1111-1111-000000000005', (SELECT id FROM public.modules WHERE slug = 'kubernetes'), 'Kubernetes Final Quiz', 'Final assessment for the Kubernetes module', 80, true);
INSERT INTO public.quiz_questions (quiz_id, question, options, correct_answer, order_index) VALUES ('11111111-1111-1111-1111-000000000005', 'What is the primary purpose of Kubernetes?', ARRAY['Option A', 'Option B', 'Option C', 'Option D'], 'Option A', 1);
INSERT INTO public.quiz_questions (quiz_id, question, options, correct_answer, order_index) VALUES ('11111111-1111-1111-1111-000000000005', 'Which command is typically used to initialize or start Kubernetes?', ARRAY['Option A', 'Option B', 'Option C', 'Option D'], 'Option A', 2);
INSERT INTO public.quiz_questions (quiz_id, question, options, correct_answer, order_index) VALUES ('11111111-1111-1111-1111-000000000005', 'How do you handle configuration management in Kubernetes?', ARRAY['Option A', 'Option B', 'Option C', 'Option D'], 'Option A', 3);
INSERT INTO public.quiz_questions (quiz_id, question, options, correct_answer, order_index) VALUES ('11111111-1111-1111-1111-000000000005', 'What is a core concept associated with Kubernetes?', ARRAY['Option A', 'Option B', 'Option C', 'Option D'], 'Option A', 4);
INSERT INTO public.quiz_questions (quiz_id, question, options, correct_answer, order_index) VALUES ('11111111-1111-1111-1111-000000000005', 'Which component acts as the main controller or master in Kubernetes?', ARRAY['Option A', 'Option B', 'Option C', 'Option D'], 'Option A', 5);
INSERT INTO public.quiz_questions (quiz_id, question, options, correct_answer, order_index) VALUES ('11111111-1111-1111-1111-000000000005', 'How do you scale workloads or instances using Kubernetes?', ARRAY['Option A', 'Option B', 'Option C', 'Option D'], 'Option A', 6);
INSERT INTO public.quiz_questions (quiz_id, question, options, correct_answer, order_index) VALUES ('11111111-1111-1111-1111-000000000005', 'What is the recommended best practice for security in Kubernetes?', ARRAY['Option A', 'Option B', 'Option C', 'Option D'], 'Option A', 7);
INSERT INTO public.quiz_questions (quiz_id, question, options, correct_answer, order_index) VALUES ('11111111-1111-1111-1111-000000000005', 'How do you troubleshoot common issues in Kubernetes?', ARRAY['Option A', 'Option B', 'Option C', 'Option D'], 'Option A', 8);
INSERT INTO public.quiz_questions (quiz_id, question, options, correct_answer, order_index) VALUES ('11111111-1111-1111-1111-000000000005', 'Which file format is used for the primary configuration of Kubernetes?', ARRAY['Option A', 'Option B', 'Option C', 'Option D'], 'Option A', 9);
INSERT INTO public.quiz_questions (quiz_id, question, options, correct_answer, order_index) VALUES ('11111111-1111-1111-1111-000000000005', 'What is a common anti-pattern to avoid when using Kubernetes?', ARRAY['Option A', 'Option B', 'Option C', 'Option D'], 'Option A', 10);
INSERT INTO public.quizzes (id, module_id, title, description, passing_score, published) VALUES ('11111111-1111-1111-1111-000000000006', (SELECT id FROM public.modules WHERE slug = 'cicd'), 'Cicd Final Quiz', 'Final assessment for the Cicd module', 80, true);
INSERT INTO public.quiz_questions (quiz_id, question, options, correct_answer, order_index) VALUES ('11111111-1111-1111-1111-000000000006', 'What is the primary purpose of Cicd?', ARRAY['Option A', 'Option B', 'Option C', 'Option D'], 'Option A', 1);
INSERT INTO public.quiz_questions (quiz_id, question, options, correct_answer, order_index) VALUES ('11111111-1111-1111-1111-000000000006', 'Which command is typically used to initialize or start Cicd?', ARRAY['Option A', 'Option B', 'Option C', 'Option D'], 'Option A', 2);
INSERT INTO public.quiz_questions (quiz_id, question, options, correct_answer, order_index) VALUES ('11111111-1111-1111-1111-000000000006', 'How do you handle configuration management in Cicd?', ARRAY['Option A', 'Option B', 'Option C', 'Option D'], 'Option A', 3);
INSERT INTO public.quiz_questions (quiz_id, question, options, correct_answer, order_index) VALUES ('11111111-1111-1111-1111-000000000006', 'What is a core concept associated with Cicd?', ARRAY['Option A', 'Option B', 'Option C', 'Option D'], 'Option A', 4);
INSERT INTO public.quiz_questions (quiz_id, question, options, correct_answer, order_index) VALUES ('11111111-1111-1111-1111-000000000006', 'Which component acts as the main controller or master in Cicd?', ARRAY['Option A', 'Option B', 'Option C', 'Option D'], 'Option A', 5);
INSERT INTO public.quiz_questions (quiz_id, question, options, correct_answer, order_index) VALUES ('11111111-1111-1111-1111-000000000006', 'How do you scale workloads or instances using Cicd?', ARRAY['Option A', 'Option B', 'Option C', 'Option D'], 'Option A', 6);
INSERT INTO public.quiz_questions (quiz_id, question, options, correct_answer, order_index) VALUES ('11111111-1111-1111-1111-000000000006', 'What is the recommended best practice for security in Cicd?', ARRAY['Option A', 'Option B', 'Option C', 'Option D'], 'Option A', 7);
INSERT INTO public.quiz_questions (quiz_id, question, options, correct_answer, order_index) VALUES ('11111111-1111-1111-1111-000000000006', 'How do you troubleshoot common issues in Cicd?', ARRAY['Option A', 'Option B', 'Option C', 'Option D'], 'Option A', 8);
INSERT INTO public.quiz_questions (quiz_id, question, options, correct_answer, order_index) VALUES ('11111111-1111-1111-1111-000000000006', 'Which file format is used for the primary configuration of Cicd?', ARRAY['Option A', 'Option B', 'Option C', 'Option D'], 'Option A', 9);
INSERT INTO public.quiz_questions (quiz_id, question, options, correct_answer, order_index) VALUES ('11111111-1111-1111-1111-000000000006', 'What is a common anti-pattern to avoid when using Cicd?', ARRAY['Option A', 'Option B', 'Option C', 'Option D'], 'Option A', 10);
INSERT INTO public.quizzes (id, module_id, title, description, passing_score, published) VALUES ('11111111-1111-1111-1111-000000000007', (SELECT id FROM public.modules WHERE slug = 'terraform'), 'Terraform Final Quiz', 'Final assessment for the Terraform module', 80, true);
INSERT INTO public.quiz_questions (quiz_id, question, options, correct_answer, order_index) VALUES ('11111111-1111-1111-1111-000000000007', 'What is the primary purpose of Terraform?', ARRAY['Option A', 'Option B', 'Option C', 'Option D'], 'Option A', 1);
INSERT INTO public.quiz_questions (quiz_id, question, options, correct_answer, order_index) VALUES ('11111111-1111-1111-1111-000000000007', 'Which command is typically used to initialize or start Terraform?', ARRAY['Option A', 'Option B', 'Option C', 'Option D'], 'Option A', 2);
INSERT INTO public.quiz_questions (quiz_id, question, options, correct_answer, order_index) VALUES ('11111111-1111-1111-1111-000000000007', 'How do you handle configuration management in Terraform?', ARRAY['Option A', 'Option B', 'Option C', 'Option D'], 'Option A', 3);
INSERT INTO public.quiz_questions (quiz_id, question, options, correct_answer, order_index) VALUES ('11111111-1111-1111-1111-000000000007', 'What is a core concept associated with Terraform?', ARRAY['Option A', 'Option B', 'Option C', 'Option D'], 'Option A', 4);
INSERT INTO public.quiz_questions (quiz_id, question, options, correct_answer, order_index) VALUES ('11111111-1111-1111-1111-000000000007', 'Which component acts as the main controller or master in Terraform?', ARRAY['Option A', 'Option B', 'Option C', 'Option D'], 'Option A', 5);
INSERT INTO public.quiz_questions (quiz_id, question, options, correct_answer, order_index) VALUES ('11111111-1111-1111-1111-000000000007', 'How do you scale workloads or instances using Terraform?', ARRAY['Option A', 'Option B', 'Option C', 'Option D'], 'Option A', 6);
INSERT INTO public.quiz_questions (quiz_id, question, options, correct_answer, order_index) VALUES ('11111111-1111-1111-1111-000000000007', 'What is the recommended best practice for security in Terraform?', ARRAY['Option A', 'Option B', 'Option C', 'Option D'], 'Option A', 7);
INSERT INTO public.quiz_questions (quiz_id, question, options, correct_answer, order_index) VALUES ('11111111-1111-1111-1111-000000000007', 'How do you troubleshoot common issues in Terraform?', ARRAY['Option A', 'Option B', 'Option C', 'Option D'], 'Option A', 8);
INSERT INTO public.quiz_questions (quiz_id, question, options, correct_answer, order_index) VALUES ('11111111-1111-1111-1111-000000000007', 'Which file format is used for the primary configuration of Terraform?', ARRAY['Option A', 'Option B', 'Option C', 'Option D'], 'Option A', 9);
INSERT INTO public.quiz_questions (quiz_id, question, options, correct_answer, order_index) VALUES ('11111111-1111-1111-1111-000000000007', 'What is a common anti-pattern to avoid when using Terraform?', ARRAY['Option A', 'Option B', 'Option C', 'Option D'], 'Option A', 10);
INSERT INTO public.quizzes (id, module_id, title, description, passing_score, published) VALUES ('11111111-1111-1111-1111-000000000008', (SELECT id FROM public.modules WHERE slug = 'monitoring'), 'Monitoring Final Quiz', 'Final assessment for the Monitoring module', 80, true);
INSERT INTO public.quiz_questions (quiz_id, question, options, correct_answer, order_index) VALUES ('11111111-1111-1111-1111-000000000008', 'What is the primary purpose of Monitoring?', ARRAY['Option A', 'Option B', 'Option C', 'Option D'], 'Option A', 1);
INSERT INTO public.quiz_questions (quiz_id, question, options, correct_answer, order_index) VALUES ('11111111-1111-1111-1111-000000000008', 'Which command is typically used to initialize or start Monitoring?', ARRAY['Option A', 'Option B', 'Option C', 'Option D'], 'Option A', 2);
INSERT INTO public.quiz_questions (quiz_id, question, options, correct_answer, order_index) VALUES ('11111111-1111-1111-1111-000000000008', 'How do you handle configuration management in Monitoring?', ARRAY['Option A', 'Option B', 'Option C', 'Option D'], 'Option A', 3);
INSERT INTO public.quiz_questions (quiz_id, question, options, correct_answer, order_index) VALUES ('11111111-1111-1111-1111-000000000008', 'What is a core concept associated with Monitoring?', ARRAY['Option A', 'Option B', 'Option C', 'Option D'], 'Option A', 4);
INSERT INTO public.quiz_questions (quiz_id, question, options, correct_answer, order_index) VALUES ('11111111-1111-1111-1111-000000000008', 'Which component acts as the main controller or master in Monitoring?', ARRAY['Option A', 'Option B', 'Option C', 'Option D'], 'Option A', 5);
INSERT INTO public.quiz_questions (quiz_id, question, options, correct_answer, order_index) VALUES ('11111111-1111-1111-1111-000000000008', 'How do you scale workloads or instances using Monitoring?', ARRAY['Option A', 'Option B', 'Option C', 'Option D'], 'Option A', 6);
INSERT INTO public.quiz_questions (quiz_id, question, options, correct_answer, order_index) VALUES ('11111111-1111-1111-1111-000000000008', 'What is the recommended best practice for security in Monitoring?', ARRAY['Option A', 'Option B', 'Option C', 'Option D'], 'Option A', 7);
INSERT INTO public.quiz_questions (quiz_id, question, options, correct_answer, order_index) VALUES ('11111111-1111-1111-1111-000000000008', 'How do you troubleshoot common issues in Monitoring?', ARRAY['Option A', 'Option B', 'Option C', 'Option D'], 'Option A', 8);
INSERT INTO public.quiz_questions (quiz_id, question, options, correct_answer, order_index) VALUES ('11111111-1111-1111-1111-000000000008', 'Which file format is used for the primary configuration of Monitoring?', ARRAY['Option A', 'Option B', 'Option C', 'Option D'], 'Option A', 9);
INSERT INTO public.quiz_questions (quiz_id, question, options, correct_answer, order_index) VALUES ('11111111-1111-1111-1111-000000000008', 'What is a common anti-pattern to avoid when using Monitoring?', ARRAY['Option A', 'Option B', 'Option C', 'Option D'], 'Option A', 10);
INSERT INTO public.quizzes (id, module_id, title, description, passing_score, published) VALUES ('11111111-1111-1111-1111-000000000009', (SELECT id FROM public.modules WHERE slug = 'aws'), 'Aws Final Quiz', 'Final assessment for the Aws module', 80, true);
INSERT INTO public.quiz_questions (quiz_id, question, options, correct_answer, order_index) VALUES ('11111111-1111-1111-1111-000000000009', 'What is the primary purpose of Aws?', ARRAY['Option A', 'Option B', 'Option C', 'Option D'], 'Option A', 1);
INSERT INTO public.quiz_questions (quiz_id, question, options, correct_answer, order_index) VALUES ('11111111-1111-1111-1111-000000000009', 'Which command is typically used to initialize or start Aws?', ARRAY['Option A', 'Option B', 'Option C', 'Option D'], 'Option A', 2);
INSERT INTO public.quiz_questions (quiz_id, question, options, correct_answer, order_index) VALUES ('11111111-1111-1111-1111-000000000009', 'How do you handle configuration management in Aws?', ARRAY['Option A', 'Option B', 'Option C', 'Option D'], 'Option A', 3);
INSERT INTO public.quiz_questions (quiz_id, question, options, correct_answer, order_index) VALUES ('11111111-1111-1111-1111-000000000009', 'What is a core concept associated with Aws?', ARRAY['Option A', 'Option B', 'Option C', 'Option D'], 'Option A', 4);
INSERT INTO public.quiz_questions (quiz_id, question, options, correct_answer, order_index) VALUES ('11111111-1111-1111-1111-000000000009', 'Which component acts as the main controller or master in Aws?', ARRAY['Option A', 'Option B', 'Option C', 'Option D'], 'Option A', 5);
INSERT INTO public.quiz_questions (quiz_id, question, options, correct_answer, order_index) VALUES ('11111111-1111-1111-1111-000000000009', 'How do you scale workloads or instances using Aws?', ARRAY['Option A', 'Option B', 'Option C', 'Option D'], 'Option A', 6);
INSERT INTO public.quiz_questions (quiz_id, question, options, correct_answer, order_index) VALUES ('11111111-1111-1111-1111-000000000009', 'What is the recommended best practice for security in Aws?', ARRAY['Option A', 'Option B', 'Option C', 'Option D'], 'Option A', 7);
INSERT INTO public.quiz_questions (quiz_id, question, options, correct_answer, order_index) VALUES ('11111111-1111-1111-1111-000000000009', 'How do you troubleshoot common issues in Aws?', ARRAY['Option A', 'Option B', 'Option C', 'Option D'], 'Option A', 8);
INSERT INTO public.quiz_questions (quiz_id, question, options, correct_answer, order_index) VALUES ('11111111-1111-1111-1111-000000000009', 'Which file format is used for the primary configuration of Aws?', ARRAY['Option A', 'Option B', 'Option C', 'Option D'], 'Option A', 9);
INSERT INTO public.quiz_questions (quiz_id, question, options, correct_answer, order_index) VALUES ('11111111-1111-1111-1111-000000000009', 'What is a common anti-pattern to avoid when using Aws?', ARRAY['Option A', 'Option B', 'Option C', 'Option D'], 'Option A', 10);
INSERT INTO public.quizzes (id, module_id, title, description, passing_score, published) VALUES ('11111111-1111-1111-1111-000000000010', (SELECT id FROM public.modules WHERE slug = 'ansible'), 'Ansible Final Quiz', 'Final assessment for the Ansible module', 80, true);
INSERT INTO public.quiz_questions (quiz_id, question, options, correct_answer, order_index) VALUES ('11111111-1111-1111-1111-000000000010', 'What is the primary purpose of Ansible?', ARRAY['Option A', 'Option B', 'Option C', 'Option D'], 'Option A', 1);
INSERT INTO public.quiz_questions (quiz_id, question, options, correct_answer, order_index) VALUES ('11111111-1111-1111-1111-000000000010', 'Which command is typically used to initialize or start Ansible?', ARRAY['Option A', 'Option B', 'Option C', 'Option D'], 'Option A', 2);
INSERT INTO public.quiz_questions (quiz_id, question, options, correct_answer, order_index) VALUES ('11111111-1111-1111-1111-000000000010', 'How do you handle configuration management in Ansible?', ARRAY['Option A', 'Option B', 'Option C', 'Option D'], 'Option A', 3);
INSERT INTO public.quiz_questions (quiz_id, question, options, correct_answer, order_index) VALUES ('11111111-1111-1111-1111-000000000010', 'What is a core concept associated with Ansible?', ARRAY['Option A', 'Option B', 'Option C', 'Option D'], 'Option A', 4);
INSERT INTO public.quiz_questions (quiz_id, question, options, correct_answer, order_index) VALUES ('11111111-1111-1111-1111-000000000010', 'Which component acts as the main controller or master in Ansible?', ARRAY['Option A', 'Option B', 'Option C', 'Option D'], 'Option A', 5);
INSERT INTO public.quiz_questions (quiz_id, question, options, correct_answer, order_index) VALUES ('11111111-1111-1111-1111-000000000010', 'How do you scale workloads or instances using Ansible?', ARRAY['Option A', 'Option B', 'Option C', 'Option D'], 'Option A', 6);
INSERT INTO public.quiz_questions (quiz_id, question, options, correct_answer, order_index) VALUES ('11111111-1111-1111-1111-000000000010', 'What is the recommended best practice for security in Ansible?', ARRAY['Option A', 'Option B', 'Option C', 'Option D'], 'Option A', 7);
INSERT INTO public.quiz_questions (quiz_id, question, options, correct_answer, order_index) VALUES ('11111111-1111-1111-1111-000000000010', 'How do you troubleshoot common issues in Ansible?', ARRAY['Option A', 'Option B', 'Option C', 'Option D'], 'Option A', 8);
INSERT INTO public.quiz_questions (quiz_id, question, options, correct_answer, order_index) VALUES ('11111111-1111-1111-1111-000000000010', 'Which file format is used for the primary configuration of Ansible?', ARRAY['Option A', 'Option B', 'Option C', 'Option D'], 'Option A', 9);
INSERT INTO public.quiz_questions (quiz_id, question, options, correct_answer, order_index) VALUES ('11111111-1111-1111-1111-000000000010', 'What is a common anti-pattern to avoid when using Ansible?', ARRAY['Option A', 'Option B', 'Option C', 'Option D'], 'Option A', 10);
INSERT INTO public.quizzes (id, module_id, title, description, passing_score, published) VALUES ('11111111-1111-1111-1111-000000000011', (SELECT id FROM public.modules WHERE slug = 'kafka'), 'Kafka Final Quiz', 'Final assessment for the Kafka module', 80, true);
INSERT INTO public.quiz_questions (quiz_id, question, options, correct_answer, order_index) VALUES ('11111111-1111-1111-1111-000000000011', 'What is the primary purpose of Kafka?', ARRAY['Option A', 'Option B', 'Option C', 'Option D'], 'Option A', 1);
INSERT INTO public.quiz_questions (quiz_id, question, options, correct_answer, order_index) VALUES ('11111111-1111-1111-1111-000000000011', 'Which command is typically used to initialize or start Kafka?', ARRAY['Option A', 'Option B', 'Option C', 'Option D'], 'Option A', 2);
INSERT INTO public.quiz_questions (quiz_id, question, options, correct_answer, order_index) VALUES ('11111111-1111-1111-1111-000000000011', 'How do you handle configuration management in Kafka?', ARRAY['Option A', 'Option B', 'Option C', 'Option D'], 'Option A', 3);
INSERT INTO public.quiz_questions (quiz_id, question, options, correct_answer, order_index) VALUES ('11111111-1111-1111-1111-000000000011', 'What is a core concept associated with Kafka?', ARRAY['Option A', 'Option B', 'Option C', 'Option D'], 'Option A', 4);
INSERT INTO public.quiz_questions (quiz_id, question, options, correct_answer, order_index) VALUES ('11111111-1111-1111-1111-000000000011', 'Which component acts as the main controller or master in Kafka?', ARRAY['Option A', 'Option B', 'Option C', 'Option D'], 'Option A', 5);
INSERT INTO public.quiz_questions (quiz_id, question, options, correct_answer, order_index) VALUES ('11111111-1111-1111-1111-000000000011', 'How do you scale workloads or instances using Kafka?', ARRAY['Option A', 'Option B', 'Option C', 'Option D'], 'Option A', 6);
INSERT INTO public.quiz_questions (quiz_id, question, options, correct_answer, order_index) VALUES ('11111111-1111-1111-1111-000000000011', 'What is the recommended best practice for security in Kafka?', ARRAY['Option A', 'Option B', 'Option C', 'Option D'], 'Option A', 7);
INSERT INTO public.quiz_questions (quiz_id, question, options, correct_answer, order_index) VALUES ('11111111-1111-1111-1111-000000000011', 'How do you troubleshoot common issues in Kafka?', ARRAY['Option A', 'Option B', 'Option C', 'Option D'], 'Option A', 8);
INSERT INTO public.quiz_questions (quiz_id, question, options, correct_answer, order_index) VALUES ('11111111-1111-1111-1111-000000000011', 'Which file format is used for the primary configuration of Kafka?', ARRAY['Option A', 'Option B', 'Option C', 'Option D'], 'Option A', 9);
INSERT INTO public.quiz_questions (quiz_id, question, options, correct_answer, order_index) VALUES ('11111111-1111-1111-1111-000000000011', 'What is a common anti-pattern to avoid when using Kafka?', ARRAY['Option A', 'Option B', 'Option C', 'Option D'], 'Option A', 10);
INSERT INTO public.quizzes (id, module_id, title, description, passing_score, published) VALUES ('11111111-1111-1111-1111-000000000012', (SELECT id FROM public.modules WHERE slug = 'azure'), 'Azure Final Quiz', 'Final assessment for the Azure module', 80, true);
INSERT INTO public.quiz_questions (quiz_id, question, options, correct_answer, order_index) VALUES ('11111111-1111-1111-1111-000000000012', 'What is the primary purpose of Azure?', ARRAY['Option A', 'Option B', 'Option C', 'Option D'], 'Option A', 1);
INSERT INTO public.quiz_questions (quiz_id, question, options, correct_answer, order_index) VALUES ('11111111-1111-1111-1111-000000000012', 'Which command is typically used to initialize or start Azure?', ARRAY['Option A', 'Option B', 'Option C', 'Option D'], 'Option A', 2);
INSERT INTO public.quiz_questions (quiz_id, question, options, correct_answer, order_index) VALUES ('11111111-1111-1111-1111-000000000012', 'How do you handle configuration management in Azure?', ARRAY['Option A', 'Option B', 'Option C', 'Option D'], 'Option A', 3);
INSERT INTO public.quiz_questions (quiz_id, question, options, correct_answer, order_index) VALUES ('11111111-1111-1111-1111-000000000012', 'What is a core concept associated with Azure?', ARRAY['Option A', 'Option B', 'Option C', 'Option D'], 'Option A', 4);
INSERT INTO public.quiz_questions (quiz_id, question, options, correct_answer, order_index) VALUES ('11111111-1111-1111-1111-000000000012', 'Which component acts as the main controller or master in Azure?', ARRAY['Option A', 'Option B', 'Option C', 'Option D'], 'Option A', 5);
INSERT INTO public.quiz_questions (quiz_id, question, options, correct_answer, order_index) VALUES ('11111111-1111-1111-1111-000000000012', 'How do you scale workloads or instances using Azure?', ARRAY['Option A', 'Option B', 'Option C', 'Option D'], 'Option A', 6);
INSERT INTO public.quiz_questions (quiz_id, question, options, correct_answer, order_index) VALUES ('11111111-1111-1111-1111-000000000012', 'What is the recommended best practice for security in Azure?', ARRAY['Option A', 'Option B', 'Option C', 'Option D'], 'Option A', 7);
INSERT INTO public.quiz_questions (quiz_id, question, options, correct_answer, order_index) VALUES ('11111111-1111-1111-1111-000000000012', 'How do you troubleshoot common issues in Azure?', ARRAY['Option A', 'Option B', 'Option C', 'Option D'], 'Option A', 8);
INSERT INTO public.quiz_questions (quiz_id, question, options, correct_answer, order_index) VALUES ('11111111-1111-1111-1111-000000000012', 'Which file format is used for the primary configuration of Azure?', ARRAY['Option A', 'Option B', 'Option C', 'Option D'], 'Option A', 9);
INSERT INTO public.quiz_questions (quiz_id, question, options, correct_answer, order_index) VALUES ('11111111-1111-1111-1111-000000000012', 'What is a common anti-pattern to avoid when using Azure?', ARRAY['Option A', 'Option B', 'Option C', 'Option D'], 'Option A', 10);
INSERT INTO public.quizzes (id, module_id, title, description, passing_score, published) VALUES ('11111111-1111-1111-1111-000000000013', (SELECT id FROM public.modules WHERE slug = 'prometheus-grafana'), 'Prometheus-grafana Final Quiz', 'Final assessment for the Prometheus-grafana module', 80, true);
INSERT INTO public.quiz_questions (quiz_id, question, options, correct_answer, order_index) VALUES ('11111111-1111-1111-1111-000000000013', 'What is the primary purpose of Prometheus-grafana?', ARRAY['Option A', 'Option B', 'Option C', 'Option D'], 'Option A', 1);
INSERT INTO public.quiz_questions (quiz_id, question, options, correct_answer, order_index) VALUES ('11111111-1111-1111-1111-000000000013', 'Which command is typically used to initialize or start Prometheus-grafana?', ARRAY['Option A', 'Option B', 'Option C', 'Option D'], 'Option A', 2);
INSERT INTO public.quiz_questions (quiz_id, question, options, correct_answer, order_index) VALUES ('11111111-1111-1111-1111-000000000013', 'How do you handle configuration management in Prometheus-grafana?', ARRAY['Option A', 'Option B', 'Option C', 'Option D'], 'Option A', 3);
INSERT INTO public.quiz_questions (quiz_id, question, options, correct_answer, order_index) VALUES ('11111111-1111-1111-1111-000000000013', 'What is a core concept associated with Prometheus-grafana?', ARRAY['Option A', 'Option B', 'Option C', 'Option D'], 'Option A', 4);
INSERT INTO public.quiz_questions (quiz_id, question, options, correct_answer, order_index) VALUES ('11111111-1111-1111-1111-000000000013', 'Which component acts as the main controller or master in Prometheus-grafana?', ARRAY['Option A', 'Option B', 'Option C', 'Option D'], 'Option A', 5);
INSERT INTO public.quiz_questions (quiz_id, question, options, correct_answer, order_index) VALUES ('11111111-1111-1111-1111-000000000013', 'How do you scale workloads or instances using Prometheus-grafana?', ARRAY['Option A', 'Option B', 'Option C', 'Option D'], 'Option A', 6);
INSERT INTO public.quiz_questions (quiz_id, question, options, correct_answer, order_index) VALUES ('11111111-1111-1111-1111-000000000013', 'What is the recommended best practice for security in Prometheus-grafana?', ARRAY['Option A', 'Option B', 'Option C', 'Option D'], 'Option A', 7);
INSERT INTO public.quiz_questions (quiz_id, question, options, correct_answer, order_index) VALUES ('11111111-1111-1111-1111-000000000013', 'How do you troubleshoot common issues in Prometheus-grafana?', ARRAY['Option A', 'Option B', 'Option C', 'Option D'], 'Option A', 8);
INSERT INTO public.quiz_questions (quiz_id, question, options, correct_answer, order_index) VALUES ('11111111-1111-1111-1111-000000000013', 'Which file format is used for the primary configuration of Prometheus-grafana?', ARRAY['Option A', 'Option B', 'Option C', 'Option D'], 'Option A', 9);
INSERT INTO public.quiz_questions (quiz_id, question, options, correct_answer, order_index) VALUES ('11111111-1111-1111-1111-000000000013', 'What is a common anti-pattern to avoid when using Prometheus-grafana?', ARRAY['Option A', 'Option B', 'Option C', 'Option D'], 'Option A', 10);
